,CADASTRO DE SERVIÇOS,,,,,,,,,,,,,,,,,
,,,,,,,,,,,,,,,,,,
,,,SN,,,,N,,,,MEI,,,,,,,
,CÓDIGO DO SERVIÇO,DESCRIÇÃO DO SERVIÇO,ISSQN,INSS,CS,IRRF,ISSQN,INSS,CS,IRRF,ISSQN,INSS,CS,IRRF,,,,
,101M,Análise e desenvolvimento de sistemas.,"1,00%",NT,NT,NT,"5,00%",NT,"4,65%","1,50%",NT,NT,NT,NT,,,,
,102M,Programação.,"1,00%",NT,NT,NT,"5,00%",NT,"4,65%","1,50%",NT,NT,NT,NT,,,,
,103M-Processamento,Processamento de dados e congêneres.,"1,00%",NT,NT,NT,"5,00%",NT,NT,NT,NT,NT,NT,NT,,,,
,103M-Consultoria,Processamento de dados e congêneres.,"1,00%",NT,NT,NT,"5,00%","11,00%","4,65%","1,50%",NT,NT,NT,NT,,,,
,104M,"Elaboração de programas de computadores, inclusive de jogos eletrônicos.","1,00%",NT,NT,NT,"5,00%",NT,"4,65%","1,50%",NT,NT,NT,NT,,,,
,105M,Licenciamento ou cessão de direito de uso de programas de computação.,"1,00%",NT,NT,NT,"5,00%",NT,NT,NT,NT,NT,NT,NT,,,,
,106M,Assessoria e consultoria em informática.,"1,00%",NT,NT,NT,"5,00%",NT,"4,65%","1,50%",NT,NT,NT,NT,,,,
,107M,"Suporte técnico em informática, inclusive instalação, configuração e manutenção de programas de computação e bancos de dados.","1,00%",NT,NT,NT,"5,00%",NT,"4,65%","1,50%",NT,NT,NT,NT,,"Sim, mas  somente quando houver prestação de serviço de instalação e manutenção de equipamentos de informática, a supervisão de rede, de banco de dados e internet, no local ou por conexão remota, quando indispensáveis ao funcionamento regular e permanente da empresa e desde que a contratada disponibilize equipe sempre pronta para atender às necessidades da empresa contratante.Soluçao consulta 211/2010",,
,108M,"Planejamento, confecção, manutenção e atualização de páginas eletrônicas.","1,00%",NT,NT,NT,"5,00%",NT,"4,65%","1,50%",NT,NT,NT,NT,,,,
,109M,"Disponibilização, sem cessão definitiva, de conteúdos de áudio, vídeo, imagem e texto por meio da internet, respeitada a imunidade de livros, jornais e periódicos (exceto a distribuição de conteúdos pelas prestadoras de Serviço de Acesso Condicionado, de que trata a Lei 12.485 de 12/09/2011 -ICMS(","1,00%",NT,NT,NT,"5,00%",NT,NT,NT,NT,NT,NT,NT,,,,
,201M,Serviços de pesquisas e desenvolvimento de qualquer natureza.,"1,00%",NT,NT,NT,"5,00%",NT,"4,65%","1,50%",NT,NT,NT,NT,,,,
,302M,Cessão de direito de uso de marcas e de sinais de propaganda.,"1,00%",NT,NT,NT,"5,00%",NT,NT,NT,NT,NT,NT,NT,,,,
,303M,"Exploração de salões de festas, centro de convenções, escritórios virtuais, stands, quadras esportivas, estádios, ginásios, auditórios, casas de espetáculos, parques de diversões, canchas e congêneres, para realização de eventos ou negócios de qualquer natureza.","1,00%",NT,NT,NT,"5,00%",art 118,NT,NT,NT,NT,NT,NT,,"Sim, se sessão de mao de obra - Art 118 - XXI",,
,304M,"Locação, sublocação, arrendamento, direito de passagem ou permissão de uso, compartilhado ou não, de ferrovia, rodovia, postes, cabos, dutos e condutos de qualquer natureza.","1,00%",NT,NT,NT,"5,00%",NT,NT,NT,NT,NT,NT,NT,,,,
,305M-Sem mao Obra,"Cessão de andaimes, palcos, coberturas e outras estruturas de uso temporário.","1,00%",NT,NT,NT,"5,00%",NT,NT,NT,NT,NT,NT,NT,,,,
,305M-cessão m obra,"Cessão de andaimes, palcos, coberturas e outras estruturas de uso temporário.","1,00%",NT,NT,NT,"5,00%",art 118,NT,NT,NT,NT,NT,NT,,"Sim, se o houver montagem, que envolvam a reunião sistemática, conforme disposição predeterminada em processo industrial ou artesanal, das peças de um dispositivo, de um mecanismo ou de qualquer objeto, de modo que possa funcionar ou atingir o fim a que se destina.-118-XV",,
,401M,Medicina e biomedicina.,"1,00%",NT,NT,NT,"5,00%",art 118,"4,65%","1,50%",NT,NT,NT,NT,,"Sim, se sessão de mao de obra - Art 118 - XXI",,
,402M,"Análises clínicas, patologia, eletricidade médica, radioterapia, quimioterapia, ultrasonografia, ressonância magnética, radiologia, tomografia e congêneres.","1,00%",NT,NT,NT,"5,00%",art 118,"4,65%","1,50%",NT,NT,NT,NT,,"Sim, se sessão de mao de obra - Art 118 - XXI",,
,403M,"Hospitais, clínicas, laboratórios, sanatórios, manicômios, casas de saúde, prontossocorros, ambulatórios e congêneres.","1,00%",NT,NT,NT,"5,00%",art 118,NT,NT,NT,NT,NT,NT,,"Sim, se sessão de mao de obra - Art 118 - XXI",,
,404M,Instrumentação cirúrgica.,"1,00%",NT,NT,NT,"5,00%",NT,"4,65%","1,50%",NT,NT,NT,NT,,,,
,405M,Acupuntura.,"1,00%",NT,NT,NT,"5,00%",art 118,"4,65%","1,50%",NT,NT,NT,NT,,"Sim, se sessão de mao de obra - Art 118 - XXI",,
,406M,"Enfermagem, inclusive serviços auxiliares.","1,00%",NT,NT,NT,"5,00%",art 118,"4,65%","1,50%",NT,NT,NT,NT,,"Sim, se sessão de mao de obra - Art 118 - XXI",,
,407M,Serviços farmacêuticos.,"1,00%",NT,NT,NT,"5,00%",NT,"4,65%","1,50%",NT,NT,NT,NT,,,,
,408M,"Terapia ocupacional, fisioterapia e fonoaudiologia.","1,00%",NT,NT,NT,"5,00%",art 118,"4,65%","1,50%",NT,NT,NT,NT,,"Sim, se sessão de mao de obra - Art 118 - XXI",,
,409M,"Terapias de qualquer espécie destinadas ao tratamento físico, orgânico e mental.","1,00%",NT,NT,NT,"5,00%",art 118,"4,65%","1,50%",NT,NT,NT,NT,,"Sim, se sessão de mao de obra - Art 118 - XXI",,
,410M,Nutrição.,"1,00%",NT,NT,NT,"5,00%",NT,"4,65%","1,50%",NT,NT,NT,NT,,,,
,411M,Obstetrícia.,"1,00%",NT,NT,NT,"5,00%",art 118,"4,65%","1,50%",NT,NT,NT,NT,,"Sim, se sessão de mao de obra - Art 118 - XXI",,
,412M,Odontologia.,"1,00%",NT,NT,NT,"5,00%",art 118,"4,65%","1,50%",NT,NT,NT,NT,,"Sim, se sessão de mao de obra - Art 118 - XXI",,
,413M,Ortóptica.,"1,00%",NT,NT,NT,"5,00%",art 118,"4,65%","1,50%",NT,NT,NT,NT,,"Sim, se sessão de mao de obra - Art 118 - XXI",,
,414M,Próteses sob encomenda.,"1,00%",NT,NT,NT,"5,00%",NT,"4,65%","1,50%",NT,NT,NT,NT,,,,
,415M,Psicanálise.,"1,00%",NT,NT,NT,"5,00%",art 118,"4,65%","1,50%",NT,NT,NT,NT,,"Sim, se sessão de mao de obra - Art 118 - XXI",,
,416M,Psicologia.,"1,00%",NT,NT,NT,"5,00%",art 118,"4,65%","1,50%",NT,NT,NT,NT,,"Sim, se sessão de mao de obra - Art 118 - XXI",,
,417M,"Casas de repouso e de recuperação, creches, asilos e congêneres.","1,00%",NT,NT,NT,"5,00%",NT,NT,NT,NT,NT,NT,NT,,,,
,418M,"Inseminação artificial, fertilização in vitro e congêneres.","1,00%",NT,NT,NT,"5,00%",NT,"4,65%","1,50%",NT,NT,NT,NT,,,,
,419M,"Bancos de sangue, leite, pele, olhos, óvulos, sêmen e congêneres.","1,00%",NT,NT,NT,"5,00%",NT,NT,NT,NT,NT,NT,NT,,,,
,420M,"Coleta de sangue, leite, tecidos, sêmen, órgãos e materiais biológicos de qualquer espécie.","1,00%",NT,NT,NT,"5,00%",NT,NT,NT,NT,NT,NT,NT,,,,
,421M,"Unidade de atendimento, assistência ou tratamento móvel e congêneres.","1,00%",NT,NT,NT,"5,00%",art 118,NT,NT,NT,NT,NT,NT,,"Sim, se sessão de mao de obra - Art 118 - XXI",,
,422M,"Planos de medicina de grupo ou individual e convênios para prestação de assistência médica, hospitalar, odontológica e congêneres.","1,00%",NT,NT,NT,"5,00%",art 118,"4,65%","1,50%",NT,NT,NT,NT,,"Sim, se sessão de mao de obra - Art 118 - XXI",85% para municipio Tomador,
,423M,"Outros planos de saúde que se cumpram através de serviços de terceiros contratados, credenciados, cooperados ou apenas pagos pelo operador do plano mediante indicação do beneficiário.","1,00%",NT,NT,NT,"5,00%",art 118,NT,NT,NT,NT,NT,NT,,"Sim, se Se sessão Mão de obra-Art 118-XXIII-Não se aplica a planos de saude por meio de cooperativa",85% para municipio Tomador,
,501M,Medicina veterinária e zootecnia.,"1,00%",NT,NT,NT,"5,00%","11,00%","4,65%","1,50%",NT,NT,NT,NT,,,,
,502M,"Hospitais, clínicas, ambulatórios, prontos socorros e congêneres, na área veterinária.","1,00%",NT,NT,NT,"5,00%",NT,"4,65%","1,50%",NT,NT,NT,NT,,,,
,503M,Laboratórios de análise na área veterinária.,"1,00%",NT,NT,NT,"5,00%",NT,"4,65%","1,50%",NT,NT,NT,NT,,,,
,504M,"Inseminação artificial, fertilização in vitro e congêneres.","1,00%",NT,NT,NT,"5,00%","11,00%","4,65%","1,50%",NT,NT,NT,NT,,,,
,505M,Bancos de sangue e de órgãos e congêneres.,"1,00%",NT,NT,NT,"5,00%",NT,"4,65%","1,50%",NT,NT,NT,NT,,,,
,506M,"Coleta de sangue, leite, tecidos, sêmen, órgãos e materiais biológicos de qualquer espécie.","1,00%",NT,NT,NT,"5,00%","11,00%","4,65%","1,50%",NT,NT,NT,NT,,,,
,507M,"Unidade de atendimento, assistência ou tratamento móvel e congêneres.","1,00%",NT,NT,NT,"5,00%",NT,"4,65%","1,50%",NT,NT,NT,NT,,,,
,508M,"Guarda, tratamento, amestramento, embelezamento, alojamento e congêneres.","1,00%",NT,NT,NT,"5,00%","11,00%","4,65%","1,50%",NT,NT,NT,NT,,,,
,509M,Planos de atendimento e assistência médico veterinária.,"1,00%",NT,NT,NT,"5,00%",NT,"4,65%","1,50%",NT,NT,NT,NT,,,,
,601M,"Barbearia, cabeleireiros, manicuros, pedicuros e congêneres.","1,00%",NT,NT,NT,"5,00%",NT,NT,NT,NT,NT,NT,NT,,,,
,602M,"Esteticistas, tratamento de pele, depilação e congêneres.","1,00%",NT,NT,NT,"5,00%",NT,"4,65%","1,50%",NT,NT,NT,NT,,,,
,603M,"Banhos, duchas, sauna, massagens e congêneres.","1,00%",NT,NT,NT,"5,00%",NT,"4,65%","1,50%",NT,NT,NT,NT,,,,
,604M,"Ginástica, dança, esportes, natação, artes marciais e demais atividades físicas.","1,00%",NT,NT,NT,"5,00%",NT,"4,65%","1,50%",NT,NT,NT,NT,,,,
,605M,"Centros de emagrecimento, spa e congêneres.","1,00%",NT,NT,NT,"5,00%",NT,"4,65%","1,50%",NT,NT,NT,NT,,,,
,606M,"Aplicação de tatuagens, piercings e congêneres","1,00%",NT,NT,NT,"5,00%",NT,"4,65%","1,50%",NT,NT,NT,NT,,,,
,701M-Engenharia ..,"Engenharia, agronomia, agrimensura, arquitetura, geologia, urbanismo, paisagismo e congêneres.","1,00%",NT,NT,NT,"5,00%",NT,"4,65%","1,50%",NT,NT,NT,NT,,,,
,701M -Paisagismo,Paisagismo e congêneres.,"1,00%","11,00%",NT,NT,"5,00%","11,00%","4,65%","1,50%",NT,NT,NT,NT,,"Sim, para serviços  de Paisagismo-Art 117- I e III",,
,702M-Manut  mensal,"Execução, por administração, empreitada ou subempreitada, de obras de construção civil, hidráulica ou elétrica e de outras obras semelhantes, inclusive sondagem, perfuração de poços, escavação, drenagem e irrigação, terraplanagem, pavimentação, concretagem e a instalação e montagem de produtos, peças e equipamentos (exceto o fornecimento de mercadorias produzidas pelo prestador de serviços fora do local da prestação dos serviços, que fica sujeito ao ICMS).","1,00%","11,00%",NT,NT,"5,00%","11,00%","4,65%","1,00%",NT,NT,NT,NT,,,,Manutenção predial
,702M-Execução,"Execução, por administração, empreitada ou subempreitada, de obras de construção civil, hidráulica ou elétrica e de outras obras semelhantes, inclusive sondagem, perfuração de poços, escavação, drenagem e irrigação, terraplanagem, pavimentação, concretagem e a instalação e montagem de produtos, peças e equipamentos (exceto o fornecimento de mercadorias produzidas pelo prestador de serviços fora do local da prestação dos serviços, que fica sujeito ao ICMS).","1,00%",NT,NT,NT,"5,00%","11,00%",NT,NT,NT,NT,NT,NT,,,,execução de obra
,703M,"Elaboração de planos diretores, estudos de viabilidade, estudos organizacionais e outros, relacionados com obras e serviços de engenharia; elaboração de anteprojetos, projetos básicos e projetos executivos para trabalhos de engenharia.","1,00%",NT,NT,NT,"5,00%",NT,"4,65%","1,50%",NT,NT,NT,NT,,,,
,704M,Demolição.,"1,00%",NT,NT,NT,"5,00%","11,00%",NT,NT,NT,NT,NT,NT,,"Sim, para empreitada parcial -  Art.  117 -III",,
,705M-Manut mensal,"Reparação, conservação e reforma de edifícios, estradas, pontes, portos e congêneres (exceto o fornecimento de mercadorias produzidas pelo prestador dos serviços, fora do local da prestação dos serviços, que fica sujeito ao ICMS).","1,00%","11,00%",NT,NT,"5,00%","11,00%","4,65%","1,00%",NT,NT,NT,NT,,,,Manutenção predial
,705M-Execução,"Reparação, conservação e reforma de edifícios, estradas, pontes, portos e congêneres (exceto o fornecimento de mercadorias produzidas pelo prestador dos serviços, fora do local da prestação dos serviços, que fica sujeito ao ICMS).","1,00%",NT,NT,NT,"5,00%","11,00%",NT,NT,NT,NT,NT,NT,,,,execução de obra
,706M,"Colocação e instalação de tapetes, carpetes, assoalhos, cortinas, revestimentos de parede, vidros, divisórias, placas de gesso e congêneres, com material fornecido pelo tomador do serviço.","1,00%",NT,NT,NT,"5,00%","11,00%",NT,NT,NT,NT,NT,NT,,,,
,707M,"Recuperação, raspagem, polimento e lustração de pisos e congêneres.","1,00%",NT,NT,NT,"5,00%","11,00%","4,65%","1,00%",NT,NT,NT,NT,,,,
,708M,Calafetação.,"1,00%",NT,NT,NT,"5,00%",NT,NT,NT,NT,NT,NT,NT,,,,
,709M-Cacamba,"Varrição, coleta, remoção, incineração, tratamento, reciclagem, separação e destinação final de lixo, rejeitos e outros resíduos quaisquer.","1,00%",NT,NT,NT,"5,00%",NT,NT,NT,NT,NT,NT,NT,,,,
,709M-Coleta e Limp,"Varrição, coleta, remoção, incineração, tratamento, reciclagem, separação e destinação final de lixo, rejeitos e outros resíduos quaisquer.","1,00%","11,00%",NT,NT,"5,00%","11,00%","4,65%","1,00%",NT,NT,NT,NT,,,,
,710M,"Limpeza, manutenção e conservação de vias e logradouros públicos, imóveis, chaminés, piscinas, parques, jardins e congêneres.","1,00%","11,00%",NT,NT,"5,00%","11,00%","4,65%","1,00%",NT,NT,NT,NT,,"Sim, Art. 117 - I  - Simples Nacional anexo IV",,
,711M,"Decoração e jardinagem, inclusive corte e poda de árvores.","1,00%","11,00%",NT,NT,"5,00%","11,00%","4,65%","1,00%",NT,NT,NT,NT,,"Sim, Art. 117 - I  - Simples Nacional anexo IV",,
,712M,"Controle e tratamento de efluentes de qualquer natureza e de agentes físicos, químicos e biológicos.","1,00%",art 118,NT,NT,"5,00%",art 118,NT,NT,NT,NT,NT,NT,,"Sim, Se sessão de Mão de obra- Art. 118- V (OBS - TRIBUTADA NO ANEXO IV)",,
,713M,"Dedetização, desinfecção, desinsetização, imunização, higienização, desratização, pulverização e congêneres.","1,00%","11,00%",NT,NT,"5,00%","11,00%","4,65%","1,00%",NT,NT,NT,NT,,"Sim, Art. 117 - I  - Simples Nacional anexo IV",,
,716M,"Florestamento, reflorestamento, semeadura, adubação e congêneres.","1,00%","11,00%",NT,NT,"5,00%","11,00%",NT,NT,NT,NT,NT,NT,,"Sim, Art. 117 - IV",, 
,717M-Execução,"Escoramento, contenção de encostas e serviços congêneres.","1,00%",NT,NT,NT,"5,00%","11,00%",NT,NT,NT,NT,NT,NT,,,,Execução isolada
,717M-Manutenção,"Escoramento, contenção de encostas e serviços congêneres.","1,00%","11,00%",NT,NT,"5,00%","11,00%","4,65%","1,00%",NT,NT,NT,NT,,,,"Manutenção, limpeza e consercação"
,718M,"Limpeza e dragagem de rios, portos, canais, baías, lagos, lagoas, represas, açudes e congêneres.","1,00%","11,00%",NT,NT,"5,00%","11,00%","4,65%","1,00%",NT,NT,NT,NT,,"Sim, Art. 117 - I ",, 
,719M,"Acompanhamento e fiscalização da execução de obras de engenharia, arquitetura e urbanismo.","1,00%",NT,NT,NT,"5,00%",NT,"4,65%","1,50%",NT,NT,NT,NT,,,,
,720M,"Aerofotogrametria (inclusive interpretação), cartografia, mapeamento, levantamentos topográficos, batimétricos, geográficos, geodésicos, geológicos, geofísicos e congêneres.","1,00%",NT,NT,NT,"5,00%",NT,"4,65%","1,50%",NT,NT,NT,NT,,,,
,721M,"Pesquisa, perfuração, cimentação, mergulho, perfilagem, concretação, testemunhagem, pescaria, estimulação e outros serviços relacionados com a exploração e explotação de petróleo, gás natural e de outros recursos minerais.","1,00%",NT,NT,NT,"5,00%",NT,"4,65%","1,50%",NT,NT,NT,NT,,,,
,722M,Nucleação e bombardeamento de nuvens e congêneres.,"1,00%",NT,NT,NT,"5,00%",NT,"4,65%","1,50%",NT,NT,NT,NT,,,,
,801M,"Ensino regular pré escolar, fundamental, médio e superior.","1,00%",NT,NT,NT,"5,00%",art 118,"4,65%","1,50%",NT,NT,NT,NT,,"Sim, se sessão de Mao de Obra-Art.118 -X - vide Resp. consulta 34/2012",,
,802M,"Instrução, treinamento, orientação pedagógica e educacional, avaliação de conhecimentos de qualquer natureza.","1,00%",NT,NT,NT,"5,00%",art 118,"4,65%","1,50%",NT,NT,NT,NT,,"Sim, se sessão de Mao de Obra-Art.118 -X - vide Resp. consulta 34/2012",,
,901M,"Hospedagem de qualquer natureza em hotéis, apart-service condominiais, flat, aparthotéis, hotéis residência, residence-service, suite service, hotelaria marítima, motéis, pensões e congêneres; ocupação por temporada com fornecimento de serviço (o valor da alimentação e gorjeta, quando incluído no preço da diária, fica sujeito ao Imposto Sobre Serviços).","1,00%",NT,NT,NT,"5,00%",art 118,NT,NT,NT,NT,NT,NT,," Sim, se Sessão de Mao de Obra -  B.legal -art. 118  - VII",,
,902M,"Agenciamento, organização, promoção, intermediação e execução de programas de turismo, passeios, viagens, excursões, hospedagens e congêneres.","1,00%",NT,NT,NT,"5,00%",NT,NT,"1,50%",NT,NT,NT,NT,,,,
,903M,Guias de turismo.,"1,00%",NT,NT,NT,"5,00%",NT,"4,65%","1,50%",NT,NT,NT,NT,,,,
,1001M,"Agenciamento, corretagem ou intermediação de câmbio, de seguros, de cartões de crédito, de planos de saúde e de planos de previdência privada.","1,00%",NT,NT,NT,"5,00%",NT,NT,"1,50%",NT,NT,NT,NT,,,,
,1002M,"Agenciamento, corretagem ou intermediação de títulos em geral, valores mobiliários e contratos quaisquer.","1,00%",NT,NT,NT,"5,00%",NT,NT,"1,50%",NT,NT,NT,NT,,,,
,1003M,"Agenciamento, corretagem ou intermediação de direitos de propriedade industrial, artística ou literária.","1,00%",NT,NT,NT,"5,00%",NT,NT,"1,50%",NT,NT,NT,NT,,,,
,1004M,"Agenciamento, corretagem ou intermediação de contratos de arrendamento mercantil (leasing), de franquia (franchising) e de faturização (factoring).","1,00%",NT,NT,NT,"5,00%",NT,NT,"1,50%",NT,NT,NT,NT,,,,
,1005M,"Agenciamento, corretagem ou intermediação de bens móveis ou imóveis, não abrangidos em outros itens ou subitens, inclusive aqueles realizados no âmbito de Bolsas de Mercadorias e Futuros, por quaisquer meios.","1,00%",NT,NT,NT,"5,00%",NT,NT,"1,50%",NT,NT,NT,NT,,,,
,1006M,Agenciamento marítimo.,"1,00%",NT,NT,NT,"5,00%",NT,NT,NT,NT,NT,NT,NT,,,,
,1007M,Agenciamento de notícias.,"1,00%",NT,NT,NT,"5,00%",NT,NT,"1,50%",NT,NT,NT,NT,,,,
,1008M,"Agenciamento de publicidade e propaganda, inclusive o agenciamento de veiculação por quaisquer meios.","1,00%",NT,NT,NT,"5,00%",art 118,NT,"1,50%",NT,NT,NT,NT,,"Sim, se sessão de Mao de Obra - Art. 118 - XXI",,
,1009M,"Representação de qualquer natureza, inclusive comercial.","1,00%",NT,NT,NT,"5,00%",art 118,NT,"1,50%",NT,NT,NT,NT,,"Sim, se sessão de Mao de Obra - Art. 118 - XXI e XXIV ",,
,1010M,Distribuição de bens de terceiros.,"1,00%",NT,NT,NT,"5,00%",art 118,NT,"1,50%",NT,NT,NT,NT,,"Sim , se o serviço for prestado mediante telefonia ou telemarketing, que envolvam a operação de centrais ou de aparelhos telefônicos ou de teleatendimento-Art 118-XXIV",,
,1101M,"Guarda e estacionamento de veículos terrestres automotores, de aeronaves e de embarcações.","1,00%",NT,NT,NT,"5,00%",NT,"4,65%","1,00%",NT,NT,NT,NT,,,,
,1102M-Mao Obra,"Vigilância, segurança  com pessoas","1,00%","11,00%",NT,NT,"5,00%","11,00%","4,65%","1,00%",NT,NT,NT,NT,,Sim. Exceto Monitoramento Eletronico. Deduçao de Material-Art. 117 - II,,
,1102M-Monitoramento,"Vigilância, segurança  monitoramento eletronico","1,00%",NT,NT,NT,"5,00%",NT,"4,65%","1,00%",NT,NT,NT,NT,,,,
,1103M,"Escolta, inclusive de veículos e cargas.","1,00%","11,00%",NT,NT,"5,00%","11,00%","4,65%","1,00%",NT,NT,NT,NT,,"Sim, Art. 117 - II",,
,1104M,"Armazenamento, depósito, carga, descarga, arrumação e guarda de bens de qualquer espécie.","1,00%",NT,NT,NT,"5,00%",art 118,NT,NT,NT,NT,NT,NT,,"Sim, Se Sessão de Mao de Obra -  B.legal -art. 118  - III",,
,1201M,Espetáculos teatrais.,"1,00%",NT,NT,NT,"5,00%",NT,NT,NT,NT,NT,NT,NT,,,,
,1202M,Exibições cinematográficas.,"1,00%",NT,NT,NT,"5,00%",NT,NT,NT,NT,NT,NT,NT,,,,
,1203M,Espetáculos circenses.,"1,00%",NT,NT,NT,"5,00%",NT,NT,NT,NT,NT,NT,NT,,,,
,1204M,Programas de auditório.,"1,00%",NT,NT,NT,"5,00%",NT,NT,NT,NT,NT,NT,NT,,,,
,1205M,"Parques de diversões, centros de lazer e congêneres.","1,00%",NT,NT,NT,"5,00%",NT,NT,NT,NT,NT,NT,NT,,,,
,1206M,"Boates, taxi-dancing e congêneres.","1,00%",NT,NT,NT,"5,00%",NT,NT,NT,NT,NT,NT,NT,,,,
,1207M,"Shows, ballet, danças, desfiles, bailes, óperas, concertos, recitais, festivais e congêneres.","1,00%",NT,NT,NT,"5,00%",NT,NT,NT,NT,NT,NT,NT,,,,
,1208M,"Feiras, exposições, congressos e congêneres.","1,00%",NT,NT,NT,"5,00%",art 118,NT,NT,NT,NT,NT,NT,,"Sim, Se Sessão de Mao de Obra -  B.Legal -art. 118  - XXI",,
,1209M,"Bilhares, boliches e diversões eletrônicas ou não.","1,00%",NT,NT,NT,"5,00%",NT,NT,NT,NT,NT,NT,NT,,,,
,1210M,Corridas e competições de animais.,"1,00%",NT,NT,NT,"5,00%",art 118,NT,NT,NT,NT,NT,NT,,"Sim, Se Sessão de Mao de Obra -  B.Legal -art. 118  - XXI",,
,1211M,"Competições esportivas ou de destreza física ou intelectual, com ou sem a participação do espectador.","1,00%",NT,NT,NT,"5,00%",art 118,NT,NT,NT,NT,NT,NT,," Sim, Se Sessão de Mao de Obra -  B.Legal -art. 118  - XXI",,
,1212M,Execução de música.,"1,00%",NT,NT,NT,"5,00%",NT,NT,NT,NT,NT,NT,NT,,,,
,1213M,"Produção, mediante ou sem encomenda prévia, de eventos, espetáculos, entrevistas, shows, ballet, danças, desfiles, bailes, teatros, óperas, concertos, recitais, festivais e congêneres.","1,00%",NT,NT,NT,"5,00%",art 118,NT,NT,NT,NT,NT,NT,," Sim, Se Sessão de Mao de Obra -  B.Legal -art. 118  - XXI",,
,1214M,"Fornecimento de música para ambientes fechados ou não, mediante transmissão por qualquer processo.","1,00%",NT,NT,NT,"5,00%",NT,NT,NT,NT,NT,NT,NT,,,,
,1215M,"Desfiles de blocos carnavalescos ou folclóricos, trios elétricos e congêneres.","1,00%",NT,NT,NT,"5,00%",art 118,NT,NT,NT,NT,NT,NT,," Sim, Se Sessão de Mao de Obra -  B.Legal -art. 118  - XXI",,
,1216M,"Exibição de filmes, entrevistas, musicais, espetáculos, shows, concertos, desfiles, óperas, competições esportivas, de destreza intelectual ou congêneres.","1,00%",NT,NT,NT,"5,00%",art 118,NT,NT,NT,NT,NT,NT,," Sim, Se Sessão de Mao de Obra -  B.Legal -art. 118  - XXI",,
,1217M,"Recreação e animação, inclusive em festas e eventos de qualquer natureza.","1,00%",NT,NT,NT,"5,00%",art 118,NT,NT,NT,NT,NT,NT,," Sim, Se Sessão de Mao de Obra -  B.Legal -art. 118  - XXI",,
,1302M,"Fonografia ou gravação de sons, inclusive trucagem, dublagem, mixagem e congêneres.","1,00%",NT,NT,NT,"5,00%",NT,NT,NT,NT,NT,NT,NT,,,,
,1303M,"Fotografia e cinematografia, inclusive revelação, ampliação, cópia, reprodução, trucagem e congêneres.","1,00%",NT,NT,NT,"5,00%",NT,NT,NT,NT,NT,NT,NT,,,,
,1304M,"Reprografia, microfilmagem e digitalização.","1,00%",NT,NT,NT,"5,00%","11,00%",NT,NT,NT,NT,NT,NT,,"Sim, para serviços de digitaçao - Art. 117  V - IV ",,
,1305M,"Composição gráfica, fotocomposição, clicheria, zincografia, litografia, fotolitografia.","1,00%",NT,NT,NT,"5,00%",NT,NT,NT,NT,NT,NT,NT,,,,
,1401M,"Lubrificação, limpeza, lustração, revisão, carga e recarga, conserto, restauração, blindagem, manutenção e conservação de máquinas, veículos, aparelhos, equipamentos, motores, elevadores ou de qualquer objeto (exceto peças e partes empregadas, que ficam sujeitas ao ICMS).","1,00%",NT,NT,NT,"5,00%",art 118,"4,65%","1,00%",NT,NT,NT,NT,,"Sim, Art. 118 - XIV - Desde que mantida equipe a disposiçao da contratante. Se Manutençao de elevador,arc ondicionado, refrigeraçao, escada rolante , executado por empresas não fabricante, tem retençao na EMPREITADA, pois é considerado serviço de contr. Civil.COSIT 259/14 e 156/2015",,
,1402M,Assistência técnica.,"1,00%",NT,NT,NT,"5,00%",art 118,NT,NT,NT,NT,NT,NT,,"Sim, Art. 118 - XIV - Desde que mantida equipe a disposiçao da contratante. Se Manutençao de elevador,arc ondicionado, refrigeraçao, escada rolante , executado por empresas não fabricante, tem retençao na EMPREITADA, pois é considerado serviço de contr. Civil.COSIT 259/14 e 156/2015",,
,1403M,"Recondicionamento de motores (exceto peças e partes empregadas, que ficam sujeitas ao ICMS).","1,00%",NT,NT,NT,"5,00%",art 118,NT,NT,NT,NT,NT,NT,,"Sim, Art. 118 - XIV - Desde que mantida equipe a disposiçao da contratante. Se Manutençao de elevador,arc ondicionado, refrigeraçao, escada rolante , executado por empresas não fabricante, tem retençao na EMPREITADA, pois é considerado serviço de contr. Civil.COSIT 259/14 e 156/2015",,
,1404M,Recauchutagem ou regeneração de pneus.,"1,00%",NT,NT,NT,"5,00%",art 118,NT,NT,NT,NT,NT,NT,,"Sim, Se Sessão de Mao de Obra -  B.Legal -art. 118  - XIV",,
,1405M,"Restauração, recondicionamento, acondicionamento, pintura, beneficiamento, lavagem, secagem, tingimento, galvanoplastia, anodização, corte, recorte, polimento, plastificação e congêneres, de objetos quaisquer.","1,00%",NT,NT,NT,"5,00%",art 118,"4,65%",NT,NT,NT,NT,NT,,"Sim, Se Sessão de Mao de Obra -  B.Legal -art. 118  - I ",,
,1406M,"Instalação e montagem de aparelhos, máquinas e equipamentos, inclusive montagem industrial, prestados ao usuário final, exclusivamente com material por ele fornecido.","1,00%",NT,NT,NT,"5,00%",art 118,NT,NT,NT,NT,NT,NT,," Sim, Se Sessão de Mao de Obra -  B.Legal -art. 118  - XV -Não tem retenção para instalação de APARELHOS  de ar condicionado, de refrigeração, de ventilação, de aquecimento, de calefação ou de exaustão, mas tem retençao  para instalação de SISTEMAS de ar condicionado, de refrigeração, de ventilação, de aquecimento, de calefação ou de exaustão- Art 143",,
,1407M,Colocação de molduras e congêneres.,"1,00%",NT,NT,NT,"5,00%",art 118,NT,NT,NT,NT,NT,NT,,"   Sim, Se Sessão de Mao de Obra -  B.Legal -art. 118  - XV",,
,1408M,"Encadernação, gravação e douração de livros, revistas e congêneres.","1,00%",NT,NT,NT,"5,00%",art 118,NT,NT,NT,NT,NT,NT,,"   Sim, Se Sessão de Mao de Obra -  B.Legal -art. 118  - I ",,
,1409M,"Alfaiataria e costura, quando o material for fornecido pelo usuário final, exceto aviamento.","1,00%",NT,NT,NT,"5,00%",art 118,NT,NT,NT,NT,NT,NT,,"   Sim, Se Sessão de Mao de Obra -  B.Legal -art. 118  - XV",,
,1410M,Tinturaria e lavanderia.,"1,00%",NT,NT,NT,"5,00%",NT,NT,NT,NT,NT,NT,NT,,,,
,1411M,Tapeçaria e reforma de estofamentos em geral.,"1,00%",NT,NT,NT,"5,00%",NT,NT,NT,NT,NT,NT,NT,,,,
,1412M,Funilaria e lanternagem.,"1,00%",NT,NT,NT,"5,00%",NT,NT,NT,NT,NT,NT,NT,,,,
,1413M,Carpintaria e serralheria.,"1,00%",NT,NT,NT,"5,00%",art 118,NT,NT,NT,NT,NT,NT,,"Sim, Se Sessão de Mao de Obra -  B.Legal -art. 118  - XV",,
,1414M,"Guincho intramunicipal, guindaste e içamento","1,00%",NT,NT,NT,"5,00%",art 118,NT,NT,NT,NT,NT,NT,,"Sim, Se Sessão de mao de obra- art 118 -XV",,
,1501M,"Administração de fundos quaisquer, de consórcio, de cartão de crédito ou débito e congêneres, de carteira de clientes, de cheques pré-datados e congêneres.","1,00%",NT,NT,NT,"5,00%",NT,"4,65%","1,50%",NT,NT,NT,NT,,85% PATA MUNICIPOP TOMADOR EM 2022  E 2023 100%,,
,1502M,"Abertura de contas em geral, inclusive conta-corrente, conta de investimentos e aplicação e caderneta de poupança, no País e no exterior, bem como a manutenção das referidas contas ativas e inativas.","1,00%",NT,NT,NT,"5,00%",NT,"4,65%","1,50%",NT,NT,NT,NT,,,,
,1503M,"Locação e manutenção de cofres particulares, de terminais eletrônicos, de terminais de atendimento e de bens e equipamentos em geral.","1,00%",NT,NT,NT,"5,00%",NT,NT,NT,NT,NT,NT,NT,,,,
,1504M,"Fornecimento ou emissão de atestados em geral, inclusive atestado de idoneidade, atestado de capacidade financeira e congêneres.","1,00%",NT,NT,NT,"5,00%",art 118,"4,65%","1,50%",NT,NT,NT,NT,," Sim, Se Sessão de Mao de Obra -  B.Legal -art. 118  - XXII",,
,1505M,"Cadastro, elaboração de ficha cadastral, renovação cadastral e congêneres, inclusão ou exclusão no Cadastro de Emitentes de Cheques sem Fundos - CCF ou em quaisquer outros bancos cadastrais.","1,00%",NT,NT,NT,"5,00%",art 118,"4,65%","1,50%",NT,NT,NT,NT,,"Sim, Se Sessão de Mao de Obra -  B.Legal -art. 118  - XXII",,
,1506M,"Emissão, reemissão e fornecimento de avisos, comprovantes e documentos em geral; abono de firmas; coleta e entrega de documentos, bens e valores; comunicação com outra agência ou com a administração central; licenciamento eletrônico de veículos; transferência de veículos; agenciamento fiduciário ou depositário; devolução de bens em custódia.","1,00%",NT,NT,NT,"5,00%",art 118,"4,65%","1,50%",NT,NT,NT,NT,,"Sim, Se Sessão de Mao de Obra -  B.Legal -art. 118  - XXII",,
,1507M,"Acesso, movimentação, atendimento e consulta a contas em geral, por qualquer meio ou processo, inclusive por telefone, fac-símile, internet e telex, acesso a terminais de atendimento, inclusive vinte e quatro horas; acesso a outro banco e a rede compartilhada; fornecimento de saldo, extrato e demais informações relativas a contas em geral, por qualquer meio ou processo.","1,00%",NT,NT,NT,"5,00%",NT,NT,NT,NT,NT,NT,NT,,,,
,1508M,"Emissão, reemissão, alteração, cessão, substituição, cancelamento e registro de contrato de crédito; estudo, análise e avaliação de operações de crédito; emissão, concessão, alteração ou contratação de aval, fiança, anuência e congêneres; serviços relativos a abertura de crédito, para quaisquer fins.","1,00%",NT,NT,NT,"5,00%",art 118,"4,65%","1,50%",NT,NT,NT,NT,,"Sim, Se Sessão de Mao de Obra -  B.Legal -art. 118  - XXII",,
,1509M,"Arrendamento mercantil (leasing) de quaisquer bens, inclusive cessão de direitos e obrigações, substituição de garantia, alteração, cancelamento e registro de contrato, e demais serviços relacionados ao arrendamento mercantil (leasing).","1,00%",NT,NT,NT,"5,00%",NT,"4,65%","1,50%",NT,NT,NT,NT,,,,
,1510M,"Serviços relacionados a cobranças, recebimentos ou pagamentos em geral, de títulos quaisquer, de contas ou carnês, de câmbio, de tributos e por conta de terceiros, inclusive os efetuados por meio eletrônico, automático ou por máquinas de atendimento; fornecimento de posição de cobrança, recebimento ou pagamento; emissão de carnês, fichas de compensação, impressos e documentos em geral.","1,00%",NT,NT,NT,"5,00%",art 118,"4,65%","1,50%",NT,NT,NT,NT,,"Sim, Se Sessão de Mao de Obra -  B.Legal -art. 118  - IV e XXI",,
,1511M,"Devolução de títulos, protesto de títulos, sustação de protesto, manutenção de títulos, reapresentação de títulos, e demais serviços a eles relacionados.","1,00%",NT,NT,NT,"5,00%",NT,"4,65%","1,50%",NT,NT,NT,NT,,,,
,1512M,"Custódia em geral, inclusive de títulos e valores mobiliários.","1,00%",NT,NT,NT,"5,00%",NT,"4,65%","1,50%",NT,NT,NT,NT,,,,
,1513M,"Serviços relacionados a operações de câmbio em geral, edição, alteração, prorrogação, cancelamento e baixa de contrato de câmbio; emissão de registro de exportação ou de crédito; cobrança ou depósito no exterior; emissão, fornecimento e cancelamento de cheques de viagem; fornecimento, transferência, cancelamento e demais serviços relativos a carta de crédito de importação, exportação e garantias recebidas; envio e recebimento de mensagens em geral relacionadas a operações de câmbio.","1,00%",NT,NT,NT,"5,00%",NT,"4,65%","1,50%",NT,NT,NT,NT,,,,
,1514M,"Fornecimento, emissão, reemissão, renovação e manutenção de cartão magnético, cartão de crédito, cartão de débito, cartão salário e congêneres.","1,00%",NT,NT,NT,"5,00%",NT,"4,65%","1,50%",NT,NT,NT,NT,,,,
,1515M,"Compensação de cheques e títulos quaisquer; serviços relacionados a depósito, inclusive depósito identificado, a saque de contas quaisquer, por qualquer meio ou processo, inclusive em terminais eletrônicos e de atendimento.","1,00%",NT,NT,NT,"5,00%",NT,"4,65%","1,50%",NT,NT,NT,NT,,,,
,1516M,"Emissão, reemissão, liquidação, alteração, cancelamento e baixa de ordens de pagamento, ordens de crédito e similares, por qualquer meio ou processo; serviços relacionados à transferência de valores, dados, fundos, pagamentos e similares, inclusive entre contas em geral.","1,00%",NT,NT,NT,"5,00%",NT,"4,65%","1,50%",NT,NT,NT,NT,,,,
,1517M,"Emissão, fornecimento, devolução, sustação, cancelamento e oposição de cheques quaisquer, avulso ou por talão.","1,00%",NT,NT,NT,"5,00%",NT,"4,65%","1,50%",NT,NT,NT,NT,,,,
,1518M,"Serviços relacionados a crédito imobiliário, avaliação e vistoria de imóvel ou obra, análise técnica e jurídica, emissão, reemissão, alteração, transferência e renegociação de contrato, emissão e reemissão do termo de quitação e demais serviços relacionados a crédito imobiliário.","1,00%",NT,NT,NT,"5,00%",NT,"4,65%","1,50%",NT,NT,NT,NT,,,,
,1601M,Serviços de transporte de natureza municipal.,"1,00%",NT,NT,NT,"5,00%",art 118,NT,"1,50%",NT,NT,NT,NT,,"Sim, Se Sessão de Mao de Obra -  B.Legal -art. 118  - XVIII",,
,1602M,Outros Serviços de transporte de natureza municipal.,"1,00%",NT,NT,NT,"5,00%",art 118,NT,"1,50%",NT,NT,NT,NT,,"Sim, Se Sessão de Mao de Obra -  B.Legal -art. 118  - XVIII",,
,1701M,"Assessoria ou consultoria de qualquer natureza, não contida em outros itens desta lista; análise, exame, pesquisa, coleta, compilação e fornecimento de dados e informações de qualquer natureza, inclusive cadastro e similares.","1,00%",NT,NT,NT,"5,00%",NT,"4,65%","1,50%",NT,NT,NT,NT,,,,
,1702M,"Datilografia, digitação, estenografia, expediente, secretaria em geral, resposta audível, redação, edição, interpretação, revisão, tradução, apoio e infra-estrutura administrativa e congêneres.","1,00%",NT,NT,NT,"5,00%",art 118,"4,65%","1,50%",NT,NT,NT,NT,,"Sim, para serviços de digitaçao  (serviços realizados na depedencia da contratada não tem retençao-Cosita131/2015) . Art. 118 - XXII",,
,1703M,"Planejamento, coordenação, programação ou organização técnica, financeira ou administrativa.","1,00%",NT,NT,NT,"5,00%",NT,"4,65%","1,50%",NT,NT,NT,NT,,,,
,1704M,"Recrutamento, agenciamento, seleção e colocação de mão-de-obra.","1,00%",NT,NT,NT,"5,00%",NT,"4,65%","1,50%",NT,NT,NT,NT,,,,
,1705M,"Fornecimento de mão-de-obra, mesmo em caráter temporário, inclusive de empregados ou trabalhadores, avulsos ou temporários, contratados pelo prestador de serviço.","1,00%","11,00%",NT,NT,"5,00%","11,00%","4,65%","1,00%",NT,NT,NT,NT,,,,
,1706M,"Propaganda e publicidade, inclusive promoção de vendas, planejamento de campanhas ou sistemas de publicidade, elaboração de desenhos, textos e demais materiais publicitários.","1,00%",NT,NT,NT,"5,00%",art 118,NT,"1,50%",NT,NT,NT,NT,," Sim, Se Sessão de Mao de Obra -  B.Legal -art. 118  - XXI",,
,1708M,Franquia (franchising).,"1,00%",NT,NT,NT,"5,00%",NT,NT,NT,NT,NT,NT,NT,,,,
,1709M,"Perícias, laudos, exames técnicos e análises técnicas.","1,00%",NT,NT,NT,"5,00%",NT,"4,65%","1,50%",NT,NT,NT,NT,,,,
,1710M,"Planejamento, organização e administração de feiras, exposições, congressos e congêneres.","1,00%",NT,NT,NT,"5,00%",art 118,"4,65%","1,50%",NT,NT,NT,NT,,"Sim, Se Sessão de Mao de Obra -  B.Legal -art. 118  - XXI",,
,1711M,"Organização de festas e recepções; bufê (exceto o fornecimento de alimentação e bebidas, que fica sujeito ao ICMS).","1,00%",NT,NT,NT,"5,00%",art 118,"4,65%","1,50%",NT,NT,NT,NT,,"Sim, Se Sessão de Mao de Obra -  B.Legal -art. 118  - VI ",,
,1712M,"Administração em geral, inclusive de bens e negócios de terceiros.","1,00%",NT,NT,NT,"5,00%",NT,"4,65%","1,50%",NT,NT,NT,NT,,,,
,1713M,Leilão e congêneres.,"1,00%",NT,NT,NT,"5,00%",NT,"4,65%","1,50%",NT,NT,NT,NT,,,,
,1714-FIXO,Advocacia.,NT,NT,NT,NT,NT,NT,"4,65%","1,50%",NT,NT,NT,NT,,,,
,1714M,Advocacia.,"1,00%",NT,NT,NT,"5,00%",NT,"4,65%","1,50%",NT,NT,NT,NT,,,,
,1715M,"Arbitragem de qualquer espécie, inclusive jurídica.","1,00%",NT,NT,NT,"5,00%",NT,"4,65%","1,50%",NT,NT,NT,NT,,,,
,1716M,Auditoria.,"1,00%",NT,NT,NT,"5,00%",NT,"4,65%","1,50%",NT,NT,NT,NT,,,,
,1717M,Análise de Organização e Métodos.,"1,00%",NT,NT,NT,"5,00%",NT,"4,65%","1,50%",NT,NT,NT,NT,,,,
,1718M,Atuária e cálculos técnicos de qualquer natureza.,"1,00%",NT,NT,NT,"5,00%",NT,"4,65%","1,50%",NT,NT,NT,NT,,,,
,1719M,"Contabilidade, inclusive serviços técnicos e auxiliares.","1,00%",NT,NT,NT,"5,00%",NT,"4,65%","1,50%",NT,NT,NT,NT,,,,
,1720M,Consultoria e assessoria econômica ou financeira.,"1,00%",NT,NT,NT,"5,00%",NT,"4,65%","1,50%",NT,NT,NT,NT,,,,
,1721M,Estatística.,"1,00%",NT,NT,NT,"5,00%",NT,"4,65%","1,50%",NT,NT,NT,NT,,,,
,1722M,Cobrança em geral.,"1,00%",NT,NT,NT,"5,00%",art 118,"4,65%","1,50%",NT,NT,NT,NT,,"Sim, Se Sessão de Mao de Obra -  B.Legal -art. 118  - IV",,
,1723M,"Assessoria, análise, avaliação, atendimento, consulta, cadastro, seleção, gerenciamento de informações, administração de contas a receber ou a pagar e em geral, relacionados a operações de faturização (factoring).","1,00%",NT,NT,NT,"5,00%",NT,"4,65%","1,50%",NT,NT,NT,NT,,,,
,1724M,"Apresentação de palestras, conferências, seminários e congêneres.","1,00%",NT,NT,NT,"5,00%",art 118,"4,65%","1,50%",NT,NT,NT,NT,,"  Sim, Se Sessão de Mao de Obra -  B.Legal -art. 118  - X",,
,1725M,"Inserção de textos, desenhos e outros materiais de propaganda e publicidade, em qualquer meio (exceto em livros, jornais, periódicos e nas modalidades de serviços de radiodifusão sonora e de sons e imagens de recepção livre e gratuita)","1,00%",NT,NT,NT,"5,00%",art 118,NT,NT,NT,NT,NT,NT,,"Sim, Se Sessão de Mao de Obra -  B.Legal -art. 118  - XXI",,
,1801M,Serviços de regulação de sinistros vinculados a contratos de seguros; inspeção e avaliação de riscos para cobertura de contratos de seguros; prevenção e gerência de riscos seguráveis e congêneres.,"1,00%",NT,NT,NT,"5,00%",NT,"4,65%","1,50%",NT,NT,NT,NT,,,,
,1901M,"Serviços de distribuição e venda de bilhetes e demais produtos de loteria, bingos, cartões, pules ou cupons de apostas, sorteios, prêmios, inclusive os decorrentes de títulos de capitalização e congêneres.","1,00%",NT,NT,NT,"5,00%",NT,"4,65%","1,50%",NT,NT,NT,NT,,,,
,2001M,"Serviços portuários, ferroportuários, utilização de porto, movimentação de passageiros, reboque de embarcações, rebocador escoteiro, atracação, desatracação, serviços de praticagem, capatazia, armazenagem de qualquer natureza, serviços acessórios, movimentação de mercadorias, serviços de apoio marítimo, de movimentação ao largo, serviços de armadores, estiva, conferência, logística e congêneres.","1,00%",NT,NT,NT,"5,00%",art 118,"4,65%","1,50%",NT,NT,NT,NT,," Sim, Se Sessão de Mao de Obra -  B.Legal -art. 118  - XVII",,
,2002M,"Serviços aeroportuários, utilização de aeroporto, movimentação de passageiros, armazenagem de qualquer natureza, capatazia, movimentação de aeronaves, serviços de apoio aeroportuários, serviços acessórios, movimentação de mercadorias, logística e congêneres.","1,00%",NT,NT,NT,"5,00%",art 118,"4,65%","1,50%",NT,NT,NT,NT,," Sim, Se Sessão de Mao de Obra -  B.Legal -art. 118  - XVII",,
,2003M,"Serviços de terminais rodoviários, ferroviários, metroviários, movimentação de passageiros, mercadorias, inclusive suas operações, logística e congêneres.","1,00%",NT,NT,NT,"5,00%",art 118,"4,65%","1,50%",NT,NT,NT,NT,,"  Sim, Se Sessão de Mao de Obra -  B.Legal -art. 118  - XVII",,
,2101M,"Serviços de registros públicos, cartorários e notariais.","1,00%",NT,NT,NT,"5,00%",NT,NT,NT,NT,NT,NT,NT,,,,
,2201M,"Serviços de exploração de rodovia mediante cobrança de preço ou pedágio dos usuários, envolvendo execução de serviços de conservação, manutenção, melhoramentos para adequação de capacidade e segurança de trânsito, operação, monitoração, assistência aos usuários e outros serviços definidos em contratos, atos de concessão ou de permissão ou em normas oficiais.","1,00%",NT,NT,NT,"5,00%",art 118,"4,65%","1,50%",NT,NT,NT,NT,,"Sim, Se Sessão de Mao de Obra -  B.Legal -art. 118  - XVII",,
,2301M,"Serviços de programação e comunicação visual, desenho industrial e congêneres.","1,00%",NT,NT,NT,"5,00%",NT,"4,65%","1,50%",NT,NT,NT,NT,,,,
,2401M,"Serviços de chaveiros, confecção de carimbos, placas, sinalização visual, banners, adesivos e congêneres.","1,00%",NT,NT,NT,"5,00%",NT,NT,NT,NT,NT,NT,NT,,,,
,2501M,"Funerais, inclusive fornecimento de caixão, urna ou esquifes; aluguel de capela; transporte do corpo cadavérico; fornecimento de flores, coroas e outros paramentos; desembaraço de certidão de óbito; fornecimento de véu, essa e outros adornos; embalsamento, embelezamento, conservação ou restauração de cadáveres.","1,00%",NT,NT,NT,"5,00%",NT,NT,NT,NT,NT,NT,NT,,,,
,2502M,Cremação de corpos e partes de corpos cadavéricos.,"1,00%",NT,NT,NT,"5,00%",NT,NT,NT,NT,NT,NT,NT,,,,
,2503M,Planos ou convênio funerários.,"1,00%",NT,NT,NT,"5,00%",NT,NT,"1,50%",NT,NT,NT,NT,,,,
,2504M,Manutenção e conservação de jazigos e cemitérios.,"1,00%",NT,NT,NT,"5,00%",NT,"4,65%","1,00%",NT,NT,NT,NT,,,,
,2505M,Cessão de uso de espaços em cemitérios para sepultamento,"1,00%",NT,NT,NT,"5,00%",NT,NT,NT,NT,NT,NT,NT,,,,
,2601M,"Serviços de coleta, remessa ou entrega de correspondências, documentos, objetos, bens ou valores, inclusive pelos correios e suas agências franqueadas; courrier e congêneres.","1,00%",NT,NT,NT,"5,00%",art 118,"4,65%","1,00%",NT,NT,NT,NT,,"Sim, Se Sessão de Mao de Obra -  B.Legal -art. 118  - XI ",,
,2701M,Serviços de assistência social.,"1,00%",NT,NT,NT,"5,00%",NT,"4,65%","1,50%",NT,NT,NT,NT,,,,
,2801M,Serviços de avaliação de bens e serviços de qualquer natureza.,"1,00%",NT,NT,NT,"5,00%",NT,"4,65%","1,50%",NT,NT,NT,NT,,,,
,2901M,Serviços de biblioteconomia.,"1,00%",NT,NT,NT,"5,00%",NT,"4,65%","1,50%",NT,NT,NT,NT,,,,
,3001M,"Serviços de biologia, biotecnologia e química.","1,00%",NT,NT,NT,"5,00%",NT,"4,65%","1,50%",NT,NT,NT,NT,,,,
,3101M,"Serviços técnicos em edificações, eletrônica, eletrotécnica, mecânica, telecomunicações e congêneres.","1,00%",NT,NT,NT,"5,00%",NT,"4,65%","1,50%",NT,NT,NT,NT,,,,
,3201M,Serviços de desenhos técnicos.,"1,00%",NT,NT,NT,"5,00%",NT,"4,65%","1,50%",NT,NT,NT,NT,,,,
,3301M,"Serviços de desembaraço aduaneiro, comissários, despachantes e congêneres.","1,00%",NT,NT,NT,"5,00%",NT,"4,65%","1,50%",NT,NT,NT,NT,,,,
,3401M,"Serviços de investigações particulares, detetives e congêneres.","1,00%",NT,NT,NT,"5,00%",NT,"4,65%","1,50%",NT,NT,NT,NT,,,,
,3501M,"Serviços de reportagem, assessoria de imprensa, jornalismo e relações públicas.","1,00%",NT,NT,NT,"5,00%",art 118,"4,65%","1,50%",NT,NT,NT,NT,," Sim, Se Sessão de Mao de Obra -  B.Legal -art. 118  - XXI,  e se promoção de vendas ou de eventos, que tenham por finalidade colocar em evidência as qualidades de produtos ou a realização de shows, de feiras, de convenções, de rodeios, de festas ou de jogos",,
,3601M,Serviços de meteorologia.,"1,00%",NT,NT,NT,"5,00%",NT,"4,65%","1,50%",NT,NT,NT,NT,,,,
,3701M,"Serviços de artistas, atletas, modelos e manequins.","1,00%",NT,NT,NT,"5,00%",NT,NT,NT,NT,NT,NT,NT,,,,
,3801M,Serviços de museologia.,"1,00%",NT,NT,NT,"5,00%",NT,NT,NT,NT,NT,NT,NT,,,,
,3901M,Serviços de ourivesaria e lapidação (quando o material for fornecido pelo tomador do serviço).,"1,00%",NT,NT,NT,"5,00%",NT,NT,NT,NT,NT,NT,NT,,,,
,4001M,Obras de arte sob encomenda.,"1,00%",NT,NT,NT,"5,00%",NT,NT,NT,NT,NT,NT,NT,,,,
,101I,Análise e desenvolvimento de sistemas.,NT,NT,NT,NT,NT,NT,"4,65%","1,50%",NT,NT,NT,NT,,,,
,102I,Programação.,NT,NT,NT,NT,NT,NT,"4,65%","1,50%",NT,NT,NT,NT,,,,
,103I-Processamento,Processamento de dados e congêneres.,NT,NT,NT,NT,NT,NT,NT,NT,NT,NT,NT,NT,,,,
,103I-Consultoria,Processamento de dados e congêneres.,NT,NT,NT,NT,NT,"11,00%","4,65%","1,50%",NT,NT,NT,NT,,,,
,104I,"Elaboração de programas de computadores, inclusive de jogos eletrônicos.",NT,NT,NT,NT,NT,NT,"4,65%","1,50%",NT,NT,NT,NT,,,,
,105I,Licenciamento ou cessão de direito de uso de programas de computação.,NT,NT,NT,NT,NT,NT,NT,NT,NT,NT,NT,NT,,,,
,106I,Assessoria e consultoria em informática.,NT,NT,NT,NT,NT,NT,"4,65%","1,50%",NT,NT,NT,NT,,,,
,107I,"Suporte técnico em informática, inclusive instalação, configuração e manutenção de programas de computação e bancos de dados.",NT,NT,NT,NT,NT,NT,"4,65%","1,50%",NT,NT,NT,NT,,"Sim, mas  somente quando houver prestação de serviço de instalação e manutenção de equipamentos de informática, a supervisão de rede, de banco de dados e internet, no local ou por conexão remota, quando indispensáveis ao funcionamento regular e permanente da empresa e desde que a contratada disponibilize equipe sempre pronta para atender às necessidades da empresa contratante.Soluçao consulta 211/2010",,
,108I,"Planejamento, confecção, manutenção e atualização de páginas eletrônicas.",NT,NT,NT,NT,NT,NT,"4,65%","1,50%",NT,NT,NT,NT,,,,
,109I,"Disponibilização, sem cessão definitiva, de conteúdos de áudio, vídeo, imagem e texto por meio da internet, respeitada a imunidade de livros, jornais e periódicos (exceto a distribuição de conteúdos pelas prestadoras de Serviço de Acesso Condicionado, de que trata a Lei 12.485 de 12/09/2011 -ICMS(",NT,NT,NT,NT,NT,NT,NT,NT,NT,NT,NT,NT,,,,
,201I,Serviços de pesquisas e desenvolvimento de qualquer natureza.,NT,NT,NT,NT,NT,NT,"4,65%","1,50%",NT,NT,NT,NT,,,,
,302I,Cessão de direito de uso de marcas e de sinais de propaganda.,NT,NT,NT,NT,NT,NT,NT,NT,NT,NT,NT,NT,,,,
,303I,"Exploração de salões de festas, centro de convenções, escritórios virtuais, stands, quadras esportivas, estádios, ginásios, auditórios, casas de espetáculos, parques de diversões, canchas e congêneres, para realização de eventos ou negócios de qualquer natureza.",NT,NT,NT,NT,NT,art 118,NT,NT,NT,NT,NT,NT,,"Sim, se sessão de mao de obra - Art 118 - XXI",,
,304I,"Locação, sublocação, arrendamento, direito de passagem ou permissão de uso, compartilhado ou não, de ferrovia, rodovia, postes, cabos, dutos e condutos de qualquer natureza.","1,00%",NT,NT,NT,"5,00%",NT,NT,NT,NT,NT,NT,NT,,,,
,305I-Sem mao Obra,"Cessão de andaimes, palcos, coberturas e outras estruturas de uso temporário.","1,00%",NT,NT,NT,"5,00%",NT,NT,NT,NT,NT,NT,NT,,,,
,305I-cessão m obra,"Cessão de andaimes, palcos, coberturas e outras estruturas de uso temporário.","1,00%",NT,NT,NT,"5,00%",art 118,NT,NT,NT,NT,NT,NT,,"Sim, se o houver montagem, que envolvam a reunião sistemática, conforme disposição predeterminada em processo industrial ou artesanal, das peças de um dispositivo, de um mecanismo ou de qualquer objeto, de modo que possa funcionar ou atingir o fim a que se destina.-118-XV",,
,401I,Medicina e biomedicina.,NT,NT,NT,NT,NT,art 118,"4,65%","1,50%",NT,NT,NT,NT,,"Sim, se sessão de mao de obra - Art 118 - XXI",,
,402I,"Análises clínicas, patologia, eletricidade médica, radioterapia, quimioterapia, ultrasonografia, ressonância magnética, radiologia, tomografia e congêneres.",NT,NT,NT,NT,NT,art 118,"4,65%","1,50%",NT,NT,NT,NT,,"Sim, se sessão de mao de obra - Art 118 - XXI",,
,403I,"Hospitais, clínicas, laboratórios, sanatórios, manicômios, casas de saúde, prontossocorros, ambulatórios e congêneres.",NT,NT,NT,NT,NT,art 118,NT,NT,NT,NT,NT,NT,,"Sim, se sessão de mao de obra - Art 118 - XXI",,
,404I,Instrumentação cirúrgica.,NT,NT,NT,NT,NT,NT,"4,65%","1,50%",NT,NT,NT,NT,,,,
,405I,Acupuntura.,NT,NT,NT,NT,NT,art 118,"4,65%","1,50%",NT,NT,NT,NT,,"Sim, se sessão de mao de obra - Art 118 - XXI",,
,406I,"Enfermagem, inclusive serviços auxiliares.",NT,NT,NT,NT,NT,art 118,"4,65%","1,50%",NT,NT,NT,NT,,"Sim, se sessão de mao de obra - Art 118 - XXI",,
,407I,Serviços farmacêuticos.,NT,NT,NT,NT,NT,NT,"4,65%","1,50%",NT,NT,NT,NT,,,,
,408I,"Terapia ocupacional, fisioterapia e fonoaudiologia.",NT,NT,NT,NT,NT,art 118,"4,65%","1,50%",NT,NT,NT,NT,,"Sim, se sessão de mao de obra - Art 118 - XXI",,
,409I,"Terapias de qualquer espécie destinadas ao tratamento físico, orgânico e mental.",NT,NT,NT,NT,NT,art 118,"4,65%","1,50%",NT,NT,NT,NT,,"Sim, se sessão de mao de obra - Art 118 - XXI",,
,410I,Nutrição.,NT,NT,NT,NT,NT,NT,"4,65%","1,50%",NT,NT,NT,NT,,,,
,411I,Obstetrícia.,NT,NT,NT,NT,NT,art 118,"4,65%","1,50%",NT,NT,NT,NT,,"Sim, se sessão de mao de obra - Art 118 - XXI",,
,412I,Odontologia.,NT,NT,NT,NT,NT,art 118,"4,65%","1,50%",NT,NT,NT,NT,,"Sim, se sessão de mao de obra - Art 118 - XXI",,
,413I,Ortóptica.,NT,NT,NT,NT,NT,art 118,"4,65%","1,50%",NT,NT,NT,NT,,"Sim, se sessão de mao de obra - Art 118 - XXI",,
,414I,Próteses sob encomenda.,NT,NT,NT,NT,NT,NT,"4,65%","1,50%",NT,NT,NT,NT,,,,
,415I,Psicanálise.,NT,NT,NT,NT,NT,art 118,"4,65%","1,50%",NT,NT,NT,NT,,"Sim, se sessão de mao de obra - Art 118 - XXI",,
,416I,Psicologia.,NT,NT,NT,NT,NT,art 118,"4,65%","1,50%",NT,NT,NT,NT,,"Sim, se sessão de mao de obra - Art 118 - XXI",,
,417I,"Casas de repouso e de recuperação, creches, asilos e congêneres.",NT,NT,NT,NT,NT,NT,NT,NT,NT,NT,NT,NT,,,,
,418I,"Inseminação artificial, fertilização in vitro e congêneres.",NT,NT,NT,NT,NT,NT,"4,65%","1,50%",NT,NT,NT,NT,,,,
,419I,"Bancos de sangue, leite, pele, olhos, óvulos, sêmen e congêneres.",NT,NT,NT,NT,NT,NT,NT,NT,NT,NT,NT,NT,,,,
,420I,"Coleta de sangue, leite, tecidos, sêmen, órgãos e materiais biológicos de qualquer espécie.",NT,NT,NT,NT,NT,NT,NT,NT,NT,NT,NT,NT,,,,
,421I,"Unidade de atendimento, assistência ou tratamento móvel e congêneres.",NT,NT,NT,NT,NT,art 118,NT,NT,NT,NT,NT,NT,,"Sim, se sessão de mao de obra - Art 118 - XXI",,
,422I,"Planos de medicina de grupo ou individual e convênios para prestação de assistência médica, hospitalar, odontológica e congêneres.","1,00%",NT,NT,NT,"5,00%",art 118,"4,65%","1,50%",NT,NT,NT,NT,,"Sim, se sessão de mao de obra - Art 118 - XXI",85% para municipio Tomador,
,423I,"Outros planos de saúde que se cumpram através de serviços de terceiros contratados, credenciados, cooperados ou apenas pagos pelo operador do plano mediante indicação do beneficiário.","1,00%",NT,NT,NT,"5,00%",art 118,NT,NT,NT,NT,NT,NT,,"Sim, se Se sessão Mão de obra-Art 118-XXIII-Não se aplica a planos de saude por meio de cooperativa",85% para municipio Tomador,
,501I,Medicina veterinária e zootecnia.,NT,NT,NT,NT,NT,"11,00%","4,65%","1,50%",NT,NT,NT,NT,,,,
,502I,"Hospitais, clínicas, ambulatórios, prontos socorros e congêneres, na área veterinária.",NT,NT,NT,NT,NT,NT,"4,65%","1,50%",NT,NT,NT,NT,,,,
,503I,Laboratórios de análise na área veterinária.,NT,NT,NT,NT,NT,NT,"4,65%","1,50%",NT,NT,NT,NT,,,,
,504I,"Inseminação artificial, fertilização in vitro e congêneres.",NT,NT,NT,NT,NT,"11,00%","4,65%","1,50%",NT,NT,NT,NT,,,,
,505I,Bancos de sangue e de órgãos e congêneres.,NT,NT,NT,NT,NT,NT,"4,65%","1,50%",NT,NT,NT,NT,,,,
,506I,"Coleta de sangue, leite, tecidos, sêmen, órgãos e materiais biológicos de qualquer espécie.",NT,NT,NT,NT,NT,"11,00%","4,65%","1,50%",NT,NT,NT,NT,,,,
,507I,"Unidade de atendimento, assistência ou tratamento móvel e congêneres.",NT,NT,NT,NT,NT,NT,"4,65%","1,50%",NT,NT,NT,NT,,,,
,508I,"Guarda, tratamento, amestramento, embelezamento, alojamento e congêneres.",NT,NT,NT,NT,NT,"11,00%","4,65%","1,50%",NT,NT,NT,NT,,,,
,509I,Planos de atendimento e assistência médico veterinária.,"1,00%",NT,NT,NT,"5,00%",NT,"4,65%","1,50%",NT,NT,NT,NT,,,,
,601I,"Barbearia, cabeleireiros, manicuros, pedicuros e congêneres.",NT,NT,NT,NT,NT,NT,NT,NT,NT,NT,NT,NT,,,,
,602I,"Esteticistas, tratamento de pele, depilação e congêneres.",NT,NT,NT,NT,NT,NT,"4,65%","1,50%",NT,NT,NT,NT,,,,
,603I,"Banhos, duchas, sauna, massagens e congêneres.",NT,NT,NT,NT,NT,NT,"4,65%","1,50%",NT,NT,NT,NT,,,,
,604I,"Ginástica, dança, esportes, natação, artes marciais e demais atividades físicas.",NT,NT,NT,NT,NT,NT,"4,65%","1,50%",NT,NT,NT,NT,,,,
,605I,"Centros de emagrecimento, spa e congêneres.",NT,NT,NT,NT,NT,NT,"4,65%","1,50%",NT,NT,NT,NT,,,,
,606I,"Aplicação de tatuagens, piercings e congêneres",NT,NT,NT,NT,NT,NT,"4,65%","1,50%",NT,NT,NT,NT,,,,
,701I-Engenharia ..,"Engenharia, agronomia, agrimensura, arquitetura, geologia, urbanismo, paisagismo e congêneres.",NT,NT,NT,NT,NT,NT,"4,65%","1,50%",NT,NT,NT,NT,,,,
,701I -Paisagismo,Paisagismo e congêneres.,NT,"11,00%",NT,NT,NT,"11,00%","4,65%","1,50%",NT,NT,NT,NT,,"Sim, para serviços  de Paisagismo-Art 117- I e III",,
,702I-Manut  mensal,"Execução, por administração, empreitada ou subempreitada, de obras de construção civil, hidráulica ou elétrica e de outras obras semelhantes, inclusive sondagem, perfuração de poços, escavação, drenagem e irrigação, terraplanagem, pavimentação, concretagem e a instalação e montagem de produtos, peças e equipamentos (exceto o fornecimento de mercadorias produzidas pelo prestador de serviços fora do local da prestação dos serviços, que fica sujeito ao ICMS).","1,00%","11,00%",NT,NT,"5,00%","11,00%","4,65%","1,00%",NT,NT,NT,NT,,,,Manutenção predial
,702I-Execução,"Execução, por administração, empreitada ou subempreitada, de obras de construção civil, hidráulica ou elétrica e de outras obras semelhantes, inclusive sondagem, perfuração de poços, escavação, drenagem e irrigação, terraplanagem, pavimentação, concretagem e a instalação e montagem de produtos, peças e equipamentos (exceto o fornecimento de mercadorias produzidas pelo prestador de serviços fora do local da prestação dos serviços, que fica sujeito ao ICMS).","1,00%",NT,NT,NT,"5,00%","11,00%",NT,NT,NT,NT,NT,NT,,,,execução de obra
,703I,"Elaboração de planos diretores, estudos de viabilidade, estudos organizacionais e outros, relacionados com obras e serviços de engenharia; elaboração de anteprojetos, projetos básicos e projetos executivos para trabalhos de engenharia.",NT,NT,NT,NT,NT,NT,"4,65%","1,50%",NT,NT,NT,NT,,,,
,704I,Demolição.,"1,00%",NT,NT,NT,"5,00%","11,00%",NT,NT,NT,NT,NT,NT,,"Sim, para empreitada parcial -  Art.  117 -III",,
,705I-Manut mensal,"Reparação, conservação e reforma de edifícios, estradas, pontes, portos e congêneres (exceto o fornecimento de mercadorias produzidas pelo prestador dos serviços, fora do local da prestação dos serviços, que fica sujeito ao ICMS).","1,00%","11,00%",NT,NT,"5,00%","11,00%","4,65%","1,00%",NT,NT,NT,NT,,,,Manutenção predial
,705I-Execução,"Reparação, conservação e reforma de edifícios, estradas, pontes, portos e congêneres (exceto o fornecimento de mercadorias produzidas pelo prestador dos serviços, fora do local da prestação dos serviços, que fica sujeito ao ICMS).","1,00%",NT,NT,NT,"5,00%","11,00%",NT,NT,NT,NT,NT,NT,,,,execução de obra
,706I,"Colocação e instalação de tapetes, carpetes, assoalhos, cortinas, revestimentos de parede, vidros, divisórias, placas de gesso e congêneres, com material fornecido pelo tomador do serviço.",NT,NT,NT,NT,NT,"11,00%",NT,NT,NT,NT,NT,NT,,,,
,707I,"Recuperação, raspagem, polimento e lustração de pisos e congêneres.",NT,NT,NT,NT,NT,"11,00%","4,65%","1,00%",NT,NT,NT,NT,,,,
,708I,Calafetação.,NT,NT,NT,NT,NT,NT,NT,NT,NT,NT,NT,NT,,,,
,709I-Cacamba,"Varrição, coleta, remoção, incineração, tratamento, reciclagem, separação e destinação final de lixo, rejeitos e outros resíduos quaisquer.","1,00%",NT,NT,NT,"5,00%",NT,NT,NT,NT,NT,NT,NT,,,,
,709I-Coleta e Limp,"Varrição, coleta, remoção, incineração, tratamento, reciclagem, separação e destinação final de lixo, rejeitos e outros resíduos quaisquer.","1,00%","11,00%",NT,NT,"5,00%","11,00%","4,65%","1,00%",NT,NT,NT,NT,,,,
,710I,"Limpeza, manutenção e conservação de vias e logradouros públicos, imóveis, chaminés, piscinas, parques, jardins e congêneres.","1,00%","11,00%",NT,NT,"5,00%","11,00%","4,65%","1,00%",NT,NT,NT,NT,,"Sim, Art. 117 - I  - Simples Nacional anexo IV",,
,711I,"Decoração e jardinagem, inclusive corte e poda de árvores.","1,00%","11,00%",NT,NT,"5,00%","11,00%","4,65%","1,00%",NT,NT,NT,NT,,"Sim, Art. 117 - I  - Simples Nacional anexo IV",,
,712I,"Controle e tratamento de efluentes de qualquer natureza e de agentes físicos, químicos e biológicos.","1,00%",art 118,NT,NT,"5,00%",art 118,NT,NT,NT,NT,NT,NT,,"Sim, Se sessão de Mão de obra- Art. 118- V (OBS - TRIBUTADA NO ANEXO IV)",,
,713I,"Dedetização, desinfecção, desinsetização, imunização, higienização, desratização, pulverização e congêneres.",NT,"11,00%",NT,NT,NT,"11,00%","4,65%","1,00%",NT,NT,NT,NT,,"Sim, Art. 117 - I  - Simples Nacional anexo IV",,
,716I,"Florestamento, reflorestamento, semeadura, adubação e congêneres.","1,00%","11,00%",NT,NT,"5,00%","11,00%",NT,NT,NT,NT,NT,NT,,"Sim, Art. 117 - IV",, 
,717I-Execução,"Escoramento, contenção de encostas e serviços congêneres.","1,00%",NT,NT,NT,"5,00%","11,00%",NT,NT,NT,NT,NT,NT,,,,Execução isolada
,717I-Manutenção,"Escoramento, contenção de encostas e serviços congêneres.","1,00%","11,00%",NT,NT,"5,00%","11,00%","4,65%","1,00%",NT,NT,NT,NT,,,,"Manutenção, limpeza e consercação"
,718I,"Limpeza e dragagem de rios, portos, canais, baías, lagos, lagoas, represas, açudes e congêneres.","1,00%","11,00%",NT,NT,"5,00%","11,00%","4,65%","1,00%",NT,NT,NT,NT,,"Sim, Art. 117 - I ",, 
,719I,"Acompanhamento e fiscalização da execução de obras de engenharia, arquitetura e urbanismo.","1,00%",NT,NT,NT,"5,00%",NT,"4,65%","1,50%",NT,NT,NT,NT,,,,
,720I,"Aerofotogrametria (inclusive interpretação), cartografia, mapeamento, levantamentos topográficos, batimétricos, geográficos, geodésicos, geológicos, geofísicos e congêneres.",NT,NT,NT,NT,NT,NT,"4,65%","1,50%",NT,NT,NT,NT,,,,
,721I,"Pesquisa, perfuração, cimentação, mergulho, perfilagem, concretação, testemunhagem, pescaria, estimulação e outros serviços relacionados com a exploração e explotação de petróleo, gás natural e de outros recursos minerais.",NT,NT,NT,NT,NT,NT,"4,65%","1,50%",NT,NT,NT,NT,,,,
,722I,Nucleação e bombardeamento de nuvens e congêneres.,NT,NT,NT,NT,NT,NT,"4,65%","1,50%",NT,NT,NT,NT,,,,
,801I,"Ensino regular pré escolar, fundamental, médio e superior.",NT,NT,NT,NT,NT,art 118,"4,65%","1,50%",NT,NT,NT,NT,,"Sim, se sessão de Mao de Obra-Art.118 -X - vide Resp. consulta 34/2012",,
,802I,"Instrução, treinamento, orientação pedagógica e educacional, avaliação de conhecimentos de qualquer natureza.",NT,NT,NT,NT,NT,art 118,"4,65%","1,50%",NT,NT,NT,NT,,"Sim, se sessão de Mao de Obra-Art.118 -X - vide Resp. consulta 34/2012",,
,901I,"Hospedagem de qualquer natureza em hotéis, apart-service condominiais, flat, aparthotéis, hotéis residência, residence-service, suite service, hotelaria marítima, motéis, pensões e congêneres; ocupação por temporada com fornecimento de serviço (o valor da alimentação e gorjeta, quando incluído no preço da diária, fica sujeito ao Imposto Sobre Serviços).",NT,NT,NT,NT,NT,art 118,NT,NT,NT,NT,NT,NT,," Sim, se Sessão de Mao de Obra -  B.legal -art. 118  - VII",,
,902I,"Agenciamento, organização, promoção, intermediação e execução de programas de turismo, passeios, viagens, excursões, hospedagens e congêneres.",NT,NT,NT,NT,NT,NT,NT,"1,50%",NT,NT,NT,NT,,,,
,903I,Guias de turismo.,NT,NT,NT,NT,NT,NT,"4,65%","1,50%",NT,NT,NT,NT,,,,
,1001I,"Agenciamento, corretagem ou intermediação de câmbio, de seguros, de cartões de crédito, de planos de saúde e de planos de previdência privada.",NT,NT,NT,NT,NT,NT,NT,"1,50%",NT,NT,NT,NT,,,,
,1002I,"Agenciamento, corretagem ou intermediação de títulos em geral, valores mobiliários e contratos quaisquer.",NT,NT,NT,NT,NT,NT,NT,"1,50%",NT,NT,NT,NT,,,,
,1003I,"Agenciamento, corretagem ou intermediação de direitos de propriedade industrial, artística ou literária.",NT,NT,NT,NT,NT,NT,NT,"1,50%",NT,NT,NT,NT,,,,
,1004I,"Agenciamento, corretagem ou intermediação de contratos de arrendamento mercantil (leasing), de franquia (franchising) e de faturização (factoring).",NT,NT,NT,NT,NT,NT,NT,"1,50%",NT,NT,NT,NT,,,,
,1005I,"Agenciamento, corretagem ou intermediação de bens móveis ou imóveis, não abrangidos em outros itens ou subitens, inclusive aqueles realizados no âmbito de Bolsas de Mercadorias e Futuros, por quaisquer meios.",NT,NT,NT,NT,NT,NT,NT,"1,50%",NT,NT,NT,NT,,,,
,1006I,Agenciamento marítimo.,NT,NT,NT,NT,NT,NT,NT,NT,NT,NT,NT,NT,,,,
,1007I,Agenciamento de notícias.,NT,NT,NT,NT,NT,NT,NT,"1,50%",NT,NT,NT,NT,,,,
,1008I,"Agenciamento de publicidade e propaganda, inclusive o agenciamento de veiculação por quaisquer meios.",NT,NT,NT,NT,,art 118,NT,"1,50%",NT,NT,NT,NT,,"Sim, se sessão de Mao de Obra - Art. 118 - XXI",,
,1009I,"Representação de qualquer natureza, inclusive comercial.",NT,NT,NT,NT,NT,art 118,NT,"1,50%",NT,NT,NT,NT,,"Sim, se sessão de Mao de Obra - Art. 118 - XXI e XXIV ",,
,1010I,Distribuição de bens de terceiros.,NT,NT,NT,NT,NT,art 118,NT,"1,50%",NT,NT,NT,NT,,"Sim , se o serviço for prestado mediante telefonia ou telemarketing, que envolvam a operação de centrais ou de aparelhos telefônicos ou de teleatendimento-Art 118-XXIV",,
,1101I,"Guarda e estacionamento de veículos terrestres automotores, de aeronaves e de embarcações.","1,00%",NT,NT,NT,"5,00%",NT,"4,65%","1,00%",NT,NT,NT,NT,,,,
,1102I-Mao Obra,"Vigilância, segurança  com pessoas","1,00%","11,00%",NT,NT,"5,00%","11,00%","4,65%","1,00%",NT,NT,NT,NT,,Sim. Exceto Monitoramento Eletronico. Deduçao de Material-Art. 117 - II,,
,1102I-Monitoramento,"Vigilância, segurança  monitoramento eletronico","1,00%",NT,NT,NT,"5,00%",NT,"4,65%","1,00%",NT,NT,NT,NT,,,,
,1103I,"Escolta, inclusive de veículos e cargas.",NT,"11,00%",NT,NT,NT,"11,00%","4,65%","1,00%",NT,NT,NT,NT,,"Sim, Art. 117 - II",,
,1104I,"Armazenamento, depósito, carga, descarga, arrumação e guarda de bens de qualquer espécie.","1,00%",NT,NT,NT,"5,00%",art 118,NT,NT,NT,NT,NT,NT,,"Sim, Se Sessão de Mao de Obra -  B.legal -art. 118  - III",,
,1201I,Espetáculos teatrais.,"1,00%",NT,NT,NT,"5,00%",NT,NT,NT,NT,NT,NT,NT,,,,
,1202I,Exibições cinematográficas.,"1,00%",NT,NT,NT,"5,00%",NT,NT,NT,NT,NT,NT,NT,,,,
,1203I,Espetáculos circenses.,"1,00%",NT,NT,NT,"5,00%",NT,NT,NT,NT,NT,NT,NT,,,,
,1204I,Programas de auditório.,"1,00%",NT,NT,NT,"5,00%",NT,NT,NT,NT,NT,NT,NT,,,,
,1205I,"Parques de diversões, centros de lazer e congêneres.","1,00%",NT,NT,NT,"5,00%",NT,NT,NT,NT,NT,NT,NT,,,,
,1206I,"Boates, taxi-dancing e congêneres.","1,00%",NT,NT,NT,"5,00%",NT,NT,NT,NT,NT,NT,NT,,,,
,1207I,"Shows, ballet, danças, desfiles, bailes, óperas, concertos, recitais, festivais e congêneres.","1,00%",NT,NT,NT,"5,00%",NT,NT,NT,NT,NT,NT,NT,,,,
,1208I,"Feiras, exposições, congressos e congêneres.","1,00%",NT,NT,NT,"5,00%",art 118,NT,NT,NT,NT,NT,NT,,"Sim, Se Sessão de Mao de Obra -  B.Legal -art. 118  - XXI",,
,1209I,"Bilhares, boliches e diversões eletrônicas ou não.","1,00%",NT,NT,NT,"5,00%",NT,NT,NT,NT,NT,NT,NT,,,,
,1210I,Corridas e competições de animais.,"1,00%",NT,NT,NT,"5,00%",art 118,NT,NT,NT,NT,NT,NT,,"Sim, Se Sessão de Mao de Obra -  B.Legal -art. 118  - XXI",,
,1211I,"Competições esportivas ou de destreza física ou intelectual, com ou sem a participação do espectador.","1,00%",NT,NT,NT,"5,00%",art 118,NT,NT,NT,NT,NT,NT,," Sim, Se Sessão de Mao de Obra -  B.Legal -art. 118  - XXI",,
,1212I,Execução de música.,"1,00%",NT,NT,NT,"5,00%",NT,NT,NT,NT,NT,NT,NT,,,,
,1213I,"Produção, mediante ou sem encomenda prévia, de eventos, espetáculos, entrevistas, shows, ballet, danças, desfiles, bailes, teatros, óperas, concertos, recitais, festivais e congêneres.",NT,NT,NT,NT,NT,art 118,NT,NT,NT,NT,NT,NT,," Sim, Se Sessão de Mao de Obra -  B.Legal -art. 118  - XXI",,
,1214I,"Fornecimento de música para ambientes fechados ou não, mediante transmissão por qualquer processo.","1,00%",NT,NT,NT,"5,00%",NT,NT,NT,NT,NT,NT,NT,,,,
,1215I,"Desfiles de blocos carnavalescos ou folclóricos, trios elétricos e congêneres.","1,00%",NT,NT,NT,"5,00%",art 118,NT,NT,NT,NT,NT,NT,," Sim, Se Sessão de Mao de Obra -  B.Legal -art. 118  - XXI",,
,1216I,"Exibição de filmes, entrevistas, musicais, espetáculos, shows, concertos, desfiles, óperas, competições esportivas, de destreza intelectual ou congêneres.","1,00%",NT,NT,NT,"5,00%",art 118,NT,NT,NT,NT,NT,NT,," Sim, Se Sessão de Mao de Obra -  B.Legal -art. 118  - XXI",,
,1217I,"Recreação e animação, inclusive em festas e eventos de qualquer natureza.","1,00%",NT,NT,NT,"5,00%",art 118,NT,NT,NT,NT,NT,NT,," Sim, Se Sessão de Mao de Obra -  B.Legal -art. 118  - XXI",,
,1302I,"Fonografia ou gravação de sons, inclusive trucagem, dublagem, mixagem e congêneres.",NT,NT,NT,NT,NT,NT,NT,NT,NT,NT,NT,NT,,,,
,1303I,"Fotografia e cinematografia, inclusive revelação, ampliação, cópia, reprodução, trucagem e congêneres.",NT,NT,NT,NT,NT,NT,NT,NT,NT,NT,NT,NT,,,,
,1304I,"Reprografia, microfilmagem e digitalização.",NT,NT,NT,NT,NT,"11,00%",NT,NT,NT,NT,NT,NT,,"Sim, para serviços de digitaçao - Art. 117  V - IV ",,
,1305I,"Composição gráfica, fotocomposição, clicheria, zincografia, litografia, fotolitografia.",NT,NT,NT,NT,NT,NT,NT,NT,NT,NT,NT,NT,,,,
,1401I,"Lubrificação, limpeza, lustração, revisão, carga e recarga, conserto, restauração, blindagem, manutenção e conservação de máquinas, veículos, aparelhos, equipamentos, motores, elevadores ou de qualquer objeto (exceto peças e partes empregadas, que ficam sujeitas ao ICMS).",NT,NT,NT,NT,NT,art 118,"4,65%","1,00%",NT,NT,NT,NT,,"Sim, Art. 118 - XIV - Desde que mantida equipe a disposiçao da contratante. Se Manutençao de elevador,arc ondicionado, refrigeraçao, escada rolante , executado por empresas não fabricante, tem retençao na EMPREITADA, pois é considerado serviço de contr. Civil.COSIT 259/14 e 156/2015",,
,1402I,Assistência técnica.,NT,NT,NT,NT,NT,art 118,NT,NT,NT,NT,NT,NT,,"Sim, Art. 118 - XIV - Desde que mantida equipe a disposiçao da contratante. Se Manutençao de elevador,arc ondicionado, refrigeraçao, escada rolante , executado por empresas não fabricante, tem retençao na EMPREITADA, pois é considerado serviço de contr. Civil.COSIT 259/14 e 156/2015",,
,1403I,"Recondicionamento de motores (exceto peças e partes empregadas, que ficam sujeitas ao ICMS).",NT,NT,NT,NT,NT,art 118,NT,NT,NT,NT,NT,NT,,"Sim, Art. 118 - XIV - Desde que mantida equipe a disposiçao da contratante. Se Manutençao de elevador,arc ondicionado, refrigeraçao, escada rolante , executado por empresas não fabricante, tem retençao na EMPREITADA, pois é considerado serviço de contr. Civil.COSIT 259/14 e 156/2015",,
,1404I,Recauchutagem ou regeneração de pneus.,NT,NT,NT,NT,NT,art 118,NT,NT,NT,NT,NT,NT,,"Sim, Se Sessão de Mao de Obra -  B.Legal -art. 118  - XIV",,
,1405I,"Restauração, recondicionamento, acondicionamento, pintura, beneficiamento, lavagem, secagem, tingimento, galvanoplastia, anodização, corte, recorte, polimento, plastificação e congêneres, de objetos quaisquer.",NT,NT,NT,NT,NT,art 118,"4,65%",NT,NT,NT,NT,NT,,"Sim, Se Sessão de Mao de Obra -  B.Legal -art. 118  - I ",,
,1406I,"Instalação e montagem de aparelhos, máquinas e equipamentos, inclusive montagem industrial, prestados ao usuário final, exclusivamente com material por ele fornecido.",NT,NT,NT,NT,NT,art 118,NT,NT,NT,NT,NT,NT,," Sim, Se Sessão de Mao de Obra -  B.Legal -art. 118  - XV -Não tem retenção para instalação de APARELHOS  de ar condicionado, de refrigeração, de ventilação, de aquecimento, de calefação ou de exaustão, mas tem retençao  para instalação de SISTEMAS de ar condicionado, de refrigeração, de ventilação, de aquecimento, de calefação ou de exaustão- Art 143",,
,1407I,Colocação de molduras e congêneres.,NT,NT,NT,NT,NT,art 118,NT,NT,NT,NT,NT,NT,,"   Sim, Se Sessão de Mao de Obra -  B.Legal -art. 118  - XV",,
,1408I,"Encadernação, gravação e douração de livros, revistas e congêneres.",NT,NT,NT,NT,NT,art 118,NT,NT,NT,NT,NT,NT,,"   Sim, Se Sessão de Mao de Obra -  B.Legal -art. 118  - I ",,
,1409I,"Alfaiataria e costura, quando o material for fornecido pelo usuário final, exceto aviamento.",NT,NT,NT,NT,NT,art 118,NT,NT,NT,NT,NT,NT,,"   Sim, Se Sessão de Mao de Obra -  B.Legal -art. 118  - XV",,
,1410I,Tinturaria e lavanderia.,NT,NT,NT,NT,NT,NT,NT,NT,NT,NT,NT,NT,,,,
,1411I,Tapeçaria e reforma de estofamentos em geral.,NT,NT,NT,NT,NT,NT,NT,NT,NT,NT,NT,NT,,,,
,1412I,Funilaria e lanternagem.,NT,NT,NT,NT,NT,NT,NT,NT,NT,NT,NT,NT,,,,
,1413I,Carpintaria e serralheria.,NT,NT,NT,NT,NT,art 118,NT,NT,NT,NT,NT,NT,,"Sim, Se Sessão de Mao de Obra -  B.Legal -art. 118  - XV",,
,1414I,"Guincho intramunicipal, guindaste e içamento",NT,NT,NT,NT,NT,art 118,NT,NT,NT,NT,NT,NT,,"Sim, Se Sessão de mao de obra- art 118 -XV",,
,1501I,"Administração de fundos quaisquer, de consórcio, de cartão de crédito ou débito e congêneres, de carteira de clientes, de cheques pré-datados e congêneres.","1,00%",NT,NT,NT,"5,00%",NT,"4,65%","1,50%",NT,NT,NT,NT,,85% PATA MUNICIPOP TOMADOR EM 2022  E 2023 100%,,
,1502I,"Abertura de contas em geral, inclusive conta-corrente, conta de investimentos e aplicação e caderneta de poupança, no País e no exterior, bem como a manutenção das referidas contas ativas e inativas.",NT,NT,NT,NT,NT,NT,"4,65%","1,50%",NT,NT,NT,NT,,,,
,1503I,"Locação e manutenção de cofres particulares, de terminais eletrônicos, de terminais de atendimento e de bens e equipamentos em geral.",NT,NT,NT,NT,NT,NT,NT,NT,NT,NT,NT,NT,,,,
,1504I,"Fornecimento ou emissão de atestados em geral, inclusive atestado de idoneidade, atestado de capacidade financeira e congêneres.",NT,NT,NT,NT,NT,art 118,"4,65%","1,50%",NT,NT,NT,NT,," Sim, Se Sessão de Mao de Obra -  B.Legal -art. 118  - XXII",,
,1505I,"Cadastro, elaboração de ficha cadastral, renovação cadastral e congêneres, inclusão ou exclusão no Cadastro de Emitentes de Cheques sem Fundos - CCF ou em quaisquer outros bancos cadastrais.",NT,NT,NT,NT,NT,art 118,"4,65%","1,50%",NT,NT,NT,NT,,"Sim, Se Sessão de Mao de Obra -  B.Legal -art. 118  - XXII",,
,1506I,"Emissão, reemissão e fornecimento de avisos, comprovantes e documentos em geral; abono de firmas; coleta e entrega de documentos, bens e valores; comunicação com outra agência ou com a administração central; licenciamento eletrônico de veículos; transferência de veículos; agenciamento fiduciário ou depositário; devolução de bens em custódia.",NT,NT,NT,NT,NT,art 118,"4,65%","1,50%",NT,NT,NT,NT,,"Sim, Se Sessão de Mao de Obra -  B.Legal -art. 118  - XXII",,
,1507I,"Acesso, movimentação, atendimento e consulta a contas em geral, por qualquer meio ou processo, inclusive por telefone, fac-símile, internet e telex, acesso a terminais de atendimento, inclusive vinte e quatro horas; acesso a outro banco e a rede compartilhada; fornecimento de saldo, extrato e demais informações relativas a contas em geral, por qualquer meio ou processo.",NT,NT,NT,NT,NT,NT,NT,NT,NT,NT,NT,NT,,,,
,1508I,"Emissão, reemissão, alteração, cessão, substituição, cancelamento e registro de contrato de crédito; estudo, análise e avaliação de operações de crédito; emissão, concessão, alteração ou contratação de aval, fiança, anuência e congêneres; serviços relativos a abertura de crédito, para quaisquer fins.",NT,NT,NT,NT,NT,art 118,"4,65%","1,50%",NT,NT,NT,NT,,"Sim, Se Sessão de Mao de Obra -  B.Legal -art. 118  - XXII",,
,1509I,"Arrendamento mercantil (leasing) de quaisquer bens, inclusive cessão de direitos e obrigações, substituição de garantia, alteração, cancelamento e registro de contrato, e demais serviços relacionados ao arrendamento mercantil (leasing).",NT,NT,NT,NT,NT,NT,"4,65%","1,50%",NT,NT,NT,NT,,,,
,1510I,"Serviços relacionados a cobranças, recebimentos ou pagamentos em geral, de títulos quaisquer, de contas ou carnês, de câmbio, de tributos e por conta de terceiros, inclusive os efetuados por meio eletrônico, automático ou por máquinas de atendimento; fornecimento de posição de cobrança, recebimento ou pagamento; emissão de carnês, fichas de compensação, impressos e documentos em geral.",NT,NT,NT,NT,NT,art 118,"4,65%","1,50%",NT,NT,NT,NT,,"Sim, Se Sessão de Mao de Obra -  B.Legal -art. 118  - IV e XXI",,
,1511I,"Devolução de títulos, protesto de títulos, sustação de protesto, manutenção de títulos, reapresentação de títulos, e demais serviços a eles relacionados.",NT,NT,NT,NT,NT,NT,"4,65%","1,50%",NT,NT,NT,NT,,,,
,1512I,"Custódia em geral, inclusive de títulos e valores mobiliários.",NT,NT,NT,NT,NT,NT,"4,65%","1,50%",NT,NT,NT,NT,,,,
,1513I,"Serviços relacionados a operações de câmbio em geral, edição, alteração, prorrogação, cancelamento e baixa de contrato de câmbio; emissão de registro de exportação ou de crédito; cobrança ou depósito no exterior; emissão, fornecimento e cancelamento de cheques de viagem; fornecimento, transferência, cancelamento e demais serviços relativos a carta de crédito de importação, exportação e garantias recebidas; envio e recebimento de mensagens em geral relacionadas a operações de câmbio.",NT,NT,NT,NT,NT,NT,"4,65%","1,50%",NT,NT,NT,NT,,,,
,1514I,"Fornecimento, emissão, reemissão, renovação e manutenção de cartão magnético, cartão de crédito, cartão de débito, cartão salário e congêneres.",NT,NT,NT,NT,NT,NT,"4,65%","1,50%",NT,NT,NT,NT,,,,
,1515I,"Compensação de cheques e títulos quaisquer; serviços relacionados a depósito, inclusive depósito identificado, a saque de contas quaisquer, por qualquer meio ou processo, inclusive em terminais eletrônicos e de atendimento.",NT,NT,NT,NT,NT,NT,"4,65%","1,50%",NT,NT,NT,NT,,,,
,1516I,"Emissão, reemissão, liquidação, alteração, cancelamento e baixa de ordens de pagamento, ordens de crédito e similares, por qualquer meio ou processo; serviços relacionados à transferência de valores, dados, fundos, pagamentos e similares, inclusive entre contas em geral.",NT,NT,NT,NT,NT,NT,"4,65%","1,50%",NT,NT,NT,NT,,,,
,1517I,"Emissão, fornecimento, devolução, sustação, cancelamento e oposição de cheques quaisquer, avulso ou por talão.",NT,NT,NT,NT,NT,NT,"4,65%","1,50%",NT,NT,NT,NT,,,,
,1518I,"Serviços relacionados a crédito imobiliário, avaliação e vistoria de imóvel ou obra, análise técnica e jurídica, emissão, reemissão, alteração, transferência e renegociação de contrato, emissão e reemissão do termo de quitação e demais serviços relacionados a crédito imobiliário.",NT,NT,NT,NT,NT,NT,"4,65%","1,50%",NT,NT,NT,NT,,,,
,1601I,Serviços de transporte de natureza municipal.,"1,00%",NT,NT,NT,"5,00%",art 118,NT,"1,50%",NT,NT,NT,NT,,"Sim, Se Sessão de Mao de Obra -  B.Legal -art. 118  - XVIII",,
,1602I,Outros Serviços de transporte de natureza municipal.,"1,00%",NT,NT,NT,"5,00%",art 118,NT,"1,50%",NT,NT,NT,NT,,"Sim, Se Sessão de Mao de Obra -  B.Legal -art. 118  - XVIII",,
,1701I,"Assessoria ou consultoria de qualquer natureza, não contida em outros itens desta lista; análise, exame, pesquisa, coleta, compilação e fornecimento de dados e informações de qualquer natureza, inclusive cadastro e similares.",NT,NT,NT,NT,NT,NT,"4,65%","1,50%",NT,NT,NT,NT,,,,
,1702I,"Datilografia, digitação, estenografia, expediente, secretaria em geral, resposta audível, redação, edição, interpretação, revisão, tradução, apoio e infra-estrutura administrativa e congêneres.",NT,NT,NT,NT,NT,art 118,"4,65%","1,50%",NT,NT,NT,NT,,"Sim, para serviços de digitaçao  (serviços realizados na depedencia da contratada não tem retençao-Cosita131/2015) . Art. 118 - XXII",,
,1703I,"Planejamento, coordenação, programação ou organização técnica, financeira ou administrativa.",NT,NT,NT,NT,NT,NT,"4,65%","1,50%",NT,NT,NT,NT,,,,
,1704I,"Recrutamento, agenciamento, seleção e colocação de mão-de-obra.",NT,NT,NT,NT,NT,NT,"4,65%","1,50%",NT,NT,NT,NT,,,,
,1705I,"Fornecimento de mão-de-obra, mesmo em caráter temporário, inclusive de empregados ou trabalhadores, avulsos ou temporários, contratados pelo prestador de serviço.","1,00%","11,00%",NT,NT,"5,00%","11,00%","4,65%","1,00%",NT,NT,NT,NT,,,,
,1706I,"Propaganda e publicidade, inclusive promoção de vendas, planejamento de campanhas ou sistemas de publicidade, elaboração de desenhos, textos e demais materiais publicitários.",NT,NT,NT,NT,NT,art 118,NT,"1,50%",NT,NT,NT,NT,," Sim, Se Sessão de Mao de Obra -  B.Legal -art. 118  - XXI",,
,1708I,Franquia (franchising).,NT,NT,NT,NT,NT,NT,NT,NT,NT,NT,NT,NT,,,,
,1709I,"Perícias, laudos, exames técnicos e análises técnicas.",NT,NT,NT,NT,NT,NT,"4,65%","1,50%",NT,NT,NT,NT,,,,
,1710I,"Planejamento, organização e administração de feiras, exposições, congressos e congêneres.","1,00%",NT,NT,NT,"5,00%",art 118,"4,65%","1,50%",NT,NT,NT,NT,,"Sim, Se Sessão de Mao de Obra -  B.Legal -art. 118  - XXI",,
,1711I,"Organização de festas e recepções; bufê (exceto o fornecimento de alimentação e bebidas, que fica sujeito ao ICMS).",NT,NT,NT,NT,NT,art 118,"4,65%","1,50%",NT,NT,NT,NT,,"Sim, Se Sessão de Mao de Obra -  B.Legal -art. 118  - VI ",,
,1712I,"Administração em geral, inclusive de bens e negócios de terceiros.",NT,NT,NT,NT,NT,NT,"4,65%","1,50%",NT,NT,NT,NT,,,,
,1713I,Leilão e congêneres.,NT,NT,NT,NT,NT,NT,"4,65%","1,50%",NT,NT,NT,NT,,,,
,1714I-FIXO,Advocacia.,NT,NT,NT,NT,NT,NT,"4,65%","1,50%",NT,NT,NT,NT,,,,
,1714I ,Advocacia.,NT,NT,NT,NT,NT,NT,"4,65%","1,50%",NT,NT,NT,NT,,,,
,1715I,"Arbitragem de qualquer espécie, inclusive jurídica.",NT,NT,NT,NT,NT,NT,"4,65%","1,50%",NT,NT,NT,NT,,,,
,1716I,Auditoria.,NT,NT,NT,NT,NT,NT,"4,65%","1,50%",NT,NT,NT,NT,,,,
,1717I,Análise de Organização e Métodos.,NT,NT,NT,NT,NT,NT,"4,65%","1,50%",NT,NT,NT,NT,,,,
,1718I,Atuária e cálculos técnicos de qualquer natureza.,NT,NT,NT,NT,NT,NT,"4,65%","1,50%",NT,NT,NT,NT,,,,
,1719I,"Contabilidade, inclusive serviços técnicos e auxiliares.",NT,NT,NT,NT,NT,NT,"4,65%","1,50%",NT,NT,NT,NT,,,,
,1720I,Consultoria e assessoria econômica ou financeira.,NT,NT,NT,NT,NT,NT,"4,65%","1,50%",NT,NT,NT,NT,,,,
,1721I,Estatística.,NT,NT,NT,NT,NT,NT,"4,65%","1,50%",NT,NT,NT,NT,,,,
,1722I,Cobrança em geral.,NT,NT,NT,NT,NT,art 118,"4,65%","1,50%",NT,NT,NT,NT,,"Sim, Se Sessão de Mao de Obra -  B.Legal -art. 118  - IV",,
,1723I,"Assessoria, análise, avaliação, atendimento, consulta, cadastro, seleção, gerenciamento de informações, administração de contas a receber ou a pagar e em geral, relacionados a operações de faturização (factoring).",NT,NT,NT,NT,NT,NT,"4,65%","1,50%",NT,NT,NT,NT,,,,
,1724I,"Apresentação de palestras, conferências, seminários e congêneres.",NT,NT,NT,NT,NT,art 118,"4,65%","1,50%",NT,NT,NT,NT,,"  Sim, Se Sessão de Mao de Obra -  B.Legal -art. 118  - X",,
,1725I,"Inserção de textos, desenhos e outros materiais de propaganda e publicidade, em qualquer meio (exceto em livros, jornais, periódicos e nas modalidades de serviços de radiodifusão sonora e de sons e imagens de recepção livre e gratuita)",NT,NT,NT,NT,NT,art 118,NT,NT,NT,NT,NT,NT,,"Sim, Se Sessão de Mao de Obra -  B.Legal -art. 118  - XXI",,
,1801I,Serviços de regulação de sinistros vinculados a contratos de seguros; inspeção e avaliação de riscos para cobertura de contratos de seguros; prevenção e gerência de riscos seguráveis e congêneres.,NT,NT,NT,NT,NT,NT,"4,65%","1,50%",NT,NT,NT,NT,,,,
,1901I,"Serviços de distribuição e venda de bilhetes e demais produtos de loteria, bingos, cartões, pules ou cupons de apostas, sorteios, prêmios, inclusive os decorrentes de títulos de capitalização e congêneres.",NT,NT,NT,NT,NT,NT,"4,65%","1,50%",NT,NT,NT,NT,,,,
,2001I,"Serviços portuários, ferroportuários, utilização de porto, movimentação de passageiros, reboque de embarcações, rebocador escoteiro, atracação, desatracação, serviços de praticagem, capatazia, armazenagem de qualquer natureza, serviços acessórios, movimentação de mercadorias, serviços de apoio marítimo, de movimentação ao largo, serviços de armadores, estiva, conferência, logística e congêneres.","1,00%",NT,NT,NT,"5,00%",art 118,"4,65%","1,50%",NT,NT,NT,NT,," Sim, Se Sessão de Mao de Obra -  B.Legal -art. 118  - XVII",,
,2002I,"Serviços aeroportuários, utilização de aeroporto, movimentação de passageiros, armazenagem de qualquer natureza, capatazia, movimentação de aeronaves, serviços de apoio aeroportuários, serviços acessórios, movimentação de mercadorias, logística e congêneres.","1,00%",NT,NT,NT,"5,00%",art 118,"4,65%","1,50%",NT,NT,NT,NT,," Sim, Se Sessão de Mao de Obra -  B.Legal -art. 118  - XVII",,
,2003I,"Serviços de terminais rodoviários, ferroviários, metroviários, movimentação de passageiros, mercadorias, inclusive suas operações, logística e congêneres.","1,00%",NT,NT,NT,"5,00%",art 118,"4,65%","1,50%",NT,NT,NT,NT,,"  Sim, Se Sessão de Mao de Obra -  B.Legal -art. 118  - XVII",,
,2101I,"Serviços de registros públicos, cartorários e notariais.",NT,NT,NT,NT,NT,NT,NT,NT,NT,NT,NT,NT,,,,
,2201I,"Serviços de exploração de rodovia mediante cobrança de preço ou pedágio dos usuários, envolvendo execução de serviços de conservação, manutenção, melhoramentos para adequação de capacidade e segurança de trânsito, operação, monitoração, assistência aos usuários e outros serviços definidos em contratos, atos de concessão ou de permissão ou em normas oficiais.","1,00%",NT,NT,NT,"5,00%",art 118,"4,65%","1,50%",NT,NT,NT,NT,,"Sim, Se Sessão de Mao de Obra -  B.Legal -art. 118  - XVII",,
,2301I,"Serviços de programação e comunicação visual, desenho industrial e congêneres.",NT,NT,NT,NT,NT,NT,"4,65%","1,50%",NT,NT,NT,NT,,,,
,2401I,"Serviços de chaveiros, confecção de carimbos, placas, sinalização visual, banners, adesivos e congêneres.",NT,NT,NT,NT,NT,NT,NT,NT,NT,NT,NT,NT,,,,
,2501I,"Funerais, inclusive fornecimento de caixão, urna ou esquifes; aluguel de capela; transporte do corpo cadavérico; fornecimento de flores, coroas e outros paramentos; desembaraço de certidão de óbito; fornecimento de véu, essa e outros adornos; embalsamento, embelezamento, conservação ou restauração de cadáveres.",NT,NT,NT,NT,NT,NT,NT,NT,NT,NT,NT,NT,,,,
,2502I,Cremação de corpos e partes de corpos cadavéricos.,NT,NT,NT,NT,NT,NT,NT,NT,NT,NT,NT,NT,,,,
,2503I,Planos ou convênio funerários.,NT,NT,NT,NT,NT,NT,NT,"1,50%",NT,NT,NT,NT,,,,
,2504I,Manutenção e conservação de jazigos e cemitérios.,NT,NT,NT,NT,NT,NT,"4,65%","1,00%",NT,NT,NT,NT,,,,
,2505I,Cessão de uso de espaços em cemitérios para sepultamento,NT,NT,NT,NT,NT,NT,NT,NT,NT,NT,NT,NT,,,,
,2601I,"Serviços de coleta, remessa ou entrega de correspondências, documentos, objetos, bens ou valores, inclusive pelos correios e suas agências franqueadas; courrier e congêneres.",NT,NT,NT,NT,NT,art 118,"4,65%","1,00%",NT,NT,NT,NT,,"Sim, Se Sessão de Mao de Obra -  B.Legal -art. 118  - XI ",,
,2701I,Serviços de assistência social.,NT,NT,NT,NT,NT,NT,"4,65%","1,50%",NT,NT,NT,NT,,,,
,2801I,Serviços de avaliação de bens e serviços de qualquer natureza.,NT,NT,NT,NT,NT,NT,"4,65%","1,50%",NT,NT,NT,NT,,,,
,2901I,Serviços de biblioteconomia.,NT,NT,NT,NT,NT,NT,"4,65%","1,50%",NT,NT,NT,NT,,,,
,3001I,"Serviços de biologia, biotecnologia e química.",NT,NT,NT,NT,NT,NT,"4,65%","1,50%",NT,NT,NT,NT,,,,
,3101I,"Serviços técnicos em edificações, eletrônica, eletrotécnica, mecânica, telecomunicações e congêneres.",NT,NT,NT,NT,NT,NT,"4,65%","1,50%",NT,NT,NT,NT,,,,
,3201I,Serviços de desenhos técnicos.,NT,NT,NT,NT,NT,NT,"4,65%","1,50%",NT,NT,NT,NT,,,,
,3301I,"Serviços de desembaraço aduaneiro, comissários, despachantes e congêneres.",NT,NT,NT,NT,NT,NT,"4,65%","1,50%",NT,NT,NT,NT,,,,
,3401I,"Serviços de investigações particulares, detetives e congêneres.",NT,NT,NT,NT,NT,NT,"4,65%","1,50%",NT,NT,NT,NT,,,,
,3501I,"Serviços de reportagem, assessoria de imprensa, jornalismo e relações públicas.",NT,NT,NT,NT,NT,art 118,"4,65%","1,50%",NT,NT,NT,NT,," Sim, Se Sessão de Mao de Obra -  B.Legal -art. 118  - XXI,  e se promoção de vendas ou de eventos, que tenham por finalidade colocar em evidência as qualidades de produtos ou a realização de shows, de feiras, de convenções, de rodeios, de festas ou de jogos",,
,3601I,Serviços de meteorologia.,NT,NT,NT,NT,NT,NT,"4,65%","1,50%",NT,NT,NT,NT,,,,
,3701I,"Serviços de artistas, atletas, modelos e manequins.",NT,NT,NT,NT,NT,NT,NT,NT,NT,NT,NT,NT,,,,
,3801I,Serviços de museologia.,NT,NT,NT,NT,NT,NT,NT,NT,NT,NT,NT,NT,,,,
,3901I,Serviços de ourivesaria e lapidação (quando o material for fornecido pelo tomador do serviço).,NT,NT,NT,NT,NT,NT,NT,NT,NT,NT,NT,NT,,,,
,4001I,Obras de arte sob encomenda.,NT,NT,NT,NT,NT,NT,NT,NT,NT,NT,NT,NT,,,,